{
  "baseline": {
    "final_ppl": 8049.139076681723,
    "coverage": 0.8707370519638061,
    "entropy": 2.772588722239781,
    "easy_ratio": 0.6996460730912066,
    "hard_ratio": 0.3003539269087935
  },
  "router_full": {
    "final_ppl": 6867.183814954338,
    "coverage": 0.6460443139076233,
    "entropy": 0.1743328833272452,
    "easy_ratio": 0.3464553459605323,
    "hard_ratio": 0.6535446540394677
  },
  "router_no_hidden": {
    "final_ppl": 11034.994494686654,
    "coverage": 0.48768147826194763,
    "entropy": 4.265304088592529,
    "easy_ratio": 0.7422015261298561,
    "hard_ratio": 0.25779847387014376
  },
  "router_no_stats": {
    "final_ppl": 6681.210688006577,
    "coverage": 0.6329740166664124,
    "entropy": 0.33997390887365386,
    "easy_ratio": 0.37895232971231996,
    "hard_ratio": 0.62104767028768
  },
  "router_mlp": {
    "final_ppl": 7200.812129991243,
    "coverage": 0.6233960390090942,
    "entropy": 0.12659077141195754,
    "easy_ratio": 0.3254111873274832,
    "hard_ratio": 0.6745888126725168
  },
  "router_no_entropy": {
    "final_ppl": 6596.4997260766395,
    "coverage": 0.602116060256958,
    "entropy": 0.01770310469718548,
    "easy_ratio": 0.34715111940957327,
    "hard_ratio": 0.6528488805904267
  },
  "router_random_selection": {
    "final_ppl": 8049.53111409985,
    "coverage": 0.8707370519638061,
    "entropy": 2.7746979713439943,
    "easy_ratio": 0.6996460730912066,
    "hard_ratio": 0.3003539269087935
  },
  "router_no_improvement": {
    "final_ppl": 3751980.8489006246,
    "coverage": 0.3585855782032013,
    "entropy": 0.2556955333566293,
    "easy_ratio": 0.9943024377468206,
    "hard_ratio": 0.0056975622531796055
  }
}