{
  "epoch": [
    1,
    1,
    1,
    1,
    2,
    2,
    2,
    2,
    3,
    3,
    3,
    3,
    4,
    4,
    4,
    4,
    5,
    5,
    5,
    5,
    6,
    6,
    6,
    6,
    7,
    7,
    7,
    7,
    7,
    8,
    8,
    8,
    8,
    9,
    9,
    9,
    9,
    10,
    10,
    10,
    10
  ],
  "step": [
    100,
    200,
    300,
    315,
    400,
    500,
    600,
    630,
    700,
    800,
    900,
    945,
    1000,
    1100,
    1200,
    1260,
    1300,
    1400,
    1500,
    1575,
    1600,
    1700,
    1800,
    1890,
    1900,
    2000,
    2100,
    2200,
    2205,
    2300,
    2400,
    2500,
    2520,
    2600,
    2700,
    2800,
    2835,
    2900,
    3000,
    3100,
    3150
  ],
  "loss_lm": [
    26.828218460083008,
    17.88691520690918,
    13.04019546508789,
    11.023904800415039,
    9.131155014038086,
    8.734893798828125,
    7.791941165924072,
    7.746951580047607,
    7.397520065307617,
    6.3947343826293945,
    6.955115795135498,
    6.959329605102539,
    6.711057662963867,
    5.596804618835449,
    6.339976787567139,
    6.491427898406982,
    6.555370807647705,
    5.881617546081543,
    5.353099822998047,
    6.379697799682617,
    5.564257621765137,
    5.869474411010742,
    5.834842681884766,
    5.54420804977417,
    5.122814178466797,
    5.705375671386719,
    5.593846797943115,
    4.756349563598633,
    4.818782329559326,
    4.892394065856934,
    5.825504302978516
  ],
  "entropy": [
    2.772588722239781,
    2.772588722239781,
    2.772588722239781,
    2.772588722239781,
    2.772588722239781,
    2.772588722239781,
    2.772588722239781,
    2.772588722239781,
    2.772588722239781,
    2.772588722239781,
    2.772588722239781,
    2.772588722239781,
    2.772588722239781,
    2.772588722239781,
    2.772588722239781,
    2.772588722239781,
    2.772588722239781,
    2.772588722239781,
    2.772588722239781,
    2.772588722239781,
    2.772588722239781,
    2.772588722239781,
    2.772588722239781,
    2.772588722239781,
    2.772588722239781,
    2.772588722239781,
    2.772588722239781,
    2.772588722239781,
    2.772588722239781,
    2.772588722239781,
    2.772588722239781
  ],
  "coverage": [
    0.06364106386899948,
    0.12728212773799896,
    0.19092319905757904,
    0.24358616769313812,
    0.2939023971557617,
    0.3442981541156769,
    0.3887275755405426,
    0.42953741550445557,
    0.46983015537261963,
    0.5066624283790588,
    0.5399149060249329,
    0.5728889107704163,
    0.6023228764533997,
    0.628614604473114,
    0.6539517045021057,
    0.6781750917434692,
    0.6988186836242676,
    0.7197406888008118,
    0.7392705082893372,
    0.7560956478118896,
    0.7732389569282532,
    0.7904220223426819,
    0.803587794303894,
    0.8173103928565979,
    0.8291634917259216,
    0.8397836089134216,
    0.8511196970939636,
    0.8613818287849426,
    0.8710870742797852,
    0.8807525634765625,
    0.8893440961837769
  ],
  "balance_std": [
    0.0,
    0.0,
    0.0,
    0.20747151970863342,
    0.2754324674606323,
    0.3117291033267975,
    0.3673422932624817,
    0.41572898626327515,
    0.44974061846733093,
    0.48923832178115845,
    0.5288342833518982,
    0.5603015422821045,
    0.5951696038246155,
    0.6334490776062012,
    0.6605697870254517,
    0.6890402436256409,
    0.7252858877182007,
    0.755215585231781,
    0.7803254723548889,
    0.8142635226249695,
    0.842133641242981,
    0.8670621514320374,
    0.8993604183197021,
    0.928878664970398,
    0.9563930630683899,
    0.9857222437858582,
    1.013678789138794,
    1.0379935503005981,
    1.0657485723495483,
    1.0904587507247925,
    1.1152809858322144
  ],
  "unique_ratio": [
    1.0,
    1.0,
    1.0,
    0.993125,
    1.0,
    1.0,
    0.9875,
    1.0,
    1.0,
    0.985625,
    1.0,
    1.0,
    0.991875,
    1.0,
    1.0,
    0.986875,
    1.0,
    1.0,
    0.994375,
    1.0,
    1.0,
    1.0,
    0.998125,
    1.0,
    1.0,
    0.98875,
    1.0,
    1.0,
    0.9875,
    1.0,
    1.0
  ],
  "easy_ratio": [
    0.70625,
    0.69375,
    0.6975,
    0.69890625,
    0.696875,
    0.6967708333333333,
    0.6976785714285715,
    0.699765625,
    0.6988888888888889,
    0.6998125,
    0.7016477272727273,
    0.7021354166666667,
    0.7019711538461538,
    0.7020982142857143,
    0.7008333333333333,
    0.700390625,
    0.7010661764705882,
    0.7011111111111111,
    0.7008881578947368,
    0.701,
    0.7013095238095238,
    0.7013068181818182,
    0.7014402173913044,
    0.7005989583333333,
    0.701375,
    0.7010817307692307,
    0.6999074074074074,
    0.6995089285714285,
    0.6994612068965518,
    0.6999375,
    0.6994153225806452
  ],
  "hard_ratio": [
    0.29375,
    0.30625,
    0.3025,
    0.30109375,
    0.303125,
    0.30322916666666666,
    0.3023214285714286,
    0.300234375,
    0.3011111111111111,
    0.3001875,
    0.2983522727272727,
    0.2978645833333333,
    0.29802884615384617,
    0.2979017857142857,
    0.2991666666666667,
    0.299609375,
    0.2989338235294118,
    0.29888888888888887,
    0.29911184210526315,
    0.299,
    0.2986904761904762,
    0.29869318181818183,
    0.29855978260869565,
    0.29940104166666665,
    0.298625,
    0.29891826923076925,
    0.3000925925925926,
    0.30049107142857145,
    0.3005387931034483,
    0.3000625,
    0.30058467741935485
  ],
  "val_loss": [
    18.566487452045816,
    13.331101672571213,
    11.367123751366725,
    10.641517574669885,
    10.032253535067449,
    9.802256001800787,
    9.555837236955517,
    9.336178194303981,
    9.15691614151001,
    8.993320417697312
  ],
  "val_ppl": [
    115697253.30094075,
    616061.2519593152,
    86432.90708909927,
    41836.21264438243,
    22748.47831905268,
    18074.475015161013,
    14126.916623311548,
    11340.982279572632,
    9479.77766116108,
    8049.139076681723
  ]
}