{
  "epoch": [
    1,
    1,
    1,
    1,
    2,
    2,
    2,
    2,
    3,
    3,
    3,
    3,
    4,
    4,
    4,
    4,
    5,
    5,
    5,
    5,
    6,
    6,
    6,
    6,
    7,
    7,
    7,
    7,
    7,
    8,
    8,
    8,
    8,
    9,
    9,
    9,
    9,
    10,
    10,
    10,
    10
  ],
  "step": [
    100,
    200,
    300,
    315,
    400,
    500,
    600,
    630,
    700,
    800,
    900,
    945,
    1000,
    1100,
    1200,
    1260,
    1300,
    1400,
    1500,
    1575,
    1600,
    1700,
    1800,
    1890,
    1900,
    2000,
    2100,
    2200,
    2205,
    2300,
    2400,
    2500,
    2520,
    2600,
    2700,
    2800,
    2835,
    2900,
    3000,
    3100,
    3150
  ],
  "loss_lm": [
    22.785558700561523,
    19.02151870727539,
    16.45468521118164,
    14.04965591430664,
    11.99917221069336,
    11.020999908447266,
    10.610208511352539,
    9.754780769348145,
    9.137371063232422,
    8.769025802612305,
    9.16543197631836,
    8.161544799804688,
    5.968427658081055,
    8.053089141845703,
    7.133200645446777,
    6.118709564208984,
    8.3309326171875,
    7.567347526550293,
    7.850430965423584,
    7.931114673614502,
    5.767943859100342,
    7.4547600746154785,
    6.580803394317627,
    7.146961212158203,
    6.789801597595215,
    5.60787296295166,
    6.523296356201172,
    5.4913835525512695,
    5.4955315589904785,
    5.898673057556152,
    5.560305595397949
  ],
  "loss_router_reinforce": [
    0.0001585260033607483,
    0.00040300190448760986,
    8.00304114818573e-05,
    0.00031464919447898865,
    0.0002168416976928711,
    -0.0009366907179355621,
    -0.0023019500076770782,
    -0.009360142052173615,
    -0.008054997771978378,
    0.0004299059510231018,
    -0.044588878750801086,
    0.004199317656457424,
    -0.0051919277757406235,
    0.0077936239540576935,
    -0.008086450397968292,
    -0.00445295125246048,
    0.009928610175848007,
    -0.045891355723142624,
    -0.3632134795188904,
    -0.007935494184494019,
    0.04283680021762848,
    -0.07904201745986938,
    -0.2572265863418579,
    0.06267345696687698,
    -0.15160627663135529,
    -0.07839617133140564,
    -0.09987962245941162,
    -0.01839161291718483,
    -0.03891443461179733,
    0.0039431191980838776,
    -0.02787724882364273
  ],
  "entropy": [
    4.381900310516357,
    4.381956100463867,
    4.38183069229126,
    4.381626129150391,
    4.38145637512207,
    4.38004207611084,
    4.316215515136719,
    4.179777145385742,
    4.132221221923828,
    4.089572906494141,
    1.9836647510528564,
    3.775202751159668,
    3.849057197570801,
    0.6063141822814941,
    3.4230685234069824,
    3.941596269607544,
    0.8587124347686768,
    0.16062518954277039,
    6.907167744429898e-07,
    1.1627601385116577,
    0.6566560864448547,
    0.026246996596455574,
    4.2059720726683736e-05,
    0.05651174485683441,
    0.09785361588001251,
    0.6793801784515381,
    1.1320869361952646e-06,
    0.503771185874939,
    0.3570351004600525,
    3.125792602531874e-08,
    0.8390620946884155
  ],
  "avg_reward": [
    0.0866783857345581,
    0.2074527144432068,
    0.10993802547454834,
    0.1518174409866333,
    0.10896819829940796,
    0.0924869179725647,
    0.08045020699501038,
    0.07113969326019287,
    0.08720317482948303,
    0.09901067614555359,
    0.07274284958839417,
    0.06958872079849243,
    0.053228169679641724,
    0.05757901072502136,
    0.057469695806503296,
    0.029271095991134644,
    0.05116361379623413,
    0.047933608293533325,
    0.07071009278297424,
    0.039297282695770264,
    0.0386413037776947,
    0.04914173483848572,
    0.03993135690689087,
    0.032809436321258545,
    0.036774903535842896,
    0.047596365213394165,
    0.035440027713775635,
    0.03905794024467468,
    0.04808461666107178,
    0.034293368458747864,
    0.021742016077041626
  ],
  "curriculum_bias_strength": [
    0.0,
    0.0,
    0.0,
    0.0,
    0.0,
    0.0,
    0.0,
    0.0,
    0.0,
    0.0,
    0.0,
    0.0,
    0.0,
    0.0,
    0.0,
    0.0,
    0.0,
    0.0,
    0.0,
    0.0,
    0.0,
    0.0,
    0.0,
    0.0,
    0.0,
    0.0,
    0.0,
    0.0,
    0.0,
    0.0,
    0.0
  ],
  "coverage": [
    0.06364106386899948,
    0.12728212773799896,
    0.19092319905757904,
    0.23853465914726257,
    0.2838391363620758,
    0.33192792534828186,
    0.3623165488243103,
    0.3930233418941498,
    0.429497629404068,
    0.44803309440612793,
    0.4644206762313843,
    0.48593929409980774,
    0.500696063041687,
    0.5093671679496765,
    0.51947021484375,
    0.5323575139045715,
    0.5377669930458069,
    0.5414661169052124,
    0.5464380979537964,
    0.5491428375244141,
    0.5546318888664246,
    0.5637803077697754,
    0.5707808136940002,
    0.5878843069076538,
    0.5998966097831726,
    0.6086869835853577,
    0.6163637042045593,
    0.6234437823295593,
    0.6330296993255615,
    0.6432122588157654,
    0.6488206386566162
  ],
  "balance_std": [
    0.0,
    0.0,
    0.0,
    0.2503893971443176,
    0.3262386918067932,
    0.3574741780757904,
    0.4642470180988312,
    0.527069091796875,
    0.5572232007980347,
    0.6527336239814758,
    0.7423769235610962,
    0.7955576777458191,
    0.8709883689880371,
    0.9842320680618286,
    1.072595238685608,
    1.141098141670227,
    1.266129970550537,
    1.3721872568130493,
    1.4607443809509277,
    1.584224820137024,
    1.6812678575515747,
    1.7485235929489136,
    1.8548235893249512,
    1.9012914896011353,
    1.9674642086029053,
    2.0237720012664795,
    2.085279941558838,
    2.1466522216796875,
    2.201335906982422,
    2.255875587463379,
    2.3338146209716797
  ],
  "unique_ratio": [
    1.0,
    1.0,
    1.0,
    0.980625,
    1.0,
    1.0,
    0.946875,
    1.0,
    1.0,
    0.945,
    1.0,
    1.0,
    0.95375,
    1.0,
    1.0,
    0.96625,
    1.0,
    1.0,
    0.976875,
    1.0,
    1.0,
    1.0,
    0.98875,
    1.0,
    1.0,
    0.95625,
    1.0,
    1.0,
    0.9475,
    1.0,
    1.0
  ],
  "easy_ratio": [
    0.8625,
    0.8228125,
    0.678125,
    0.54921875,
    0.459375,
    0.39666666666666667,
    0.3624107142857143,
    0.360859375,
    0.375,
    0.360125,
    0.3600568181818182,
    0.3695833333333333,
    0.37091346153846155,
    0.35799107142857145,
    0.35320833333333335,
    0.3588671875,
    0.3533088235294118,
    0.33493055555555556,
    0.3225,
    0.3081875,
    0.3019345238095238,
    0.30982954545454544,
    0.3112771739130435,
    0.326328125,
    0.3341,
    0.3470913461538462,
    0.35824074074074075,
    0.36752232142857144,
    0.3796551724137931,
    0.3915208333333333,
    0.3978225806451613
  ],
  "hard_ratio": [
    0.1375,
    0.1771875,
    0.321875,
    0.45078125,
    0.540625,
    0.6033333333333334,
    0.6375892857142857,
    0.639140625,
    0.625,
    0.639875,
    0.6399431818181818,
    0.6304166666666666,
    0.6290865384615385,
    0.6420089285714285,
    0.6467916666666667,
    0.6411328125,
    0.6466911764705883,
    0.6650694444444445,
    0.6775,
    0.6918125,
    0.6980654761904762,
    0.6901704545454546,
    0.6887228260869566,
    0.673671875,
    0.6659,
    0.6529086538461538,
    0.6417592592592593,
    0.6324776785714286,
    0.6203448275862069,
    0.6084791666666667,
    0.6021774193548387
  ],
  "val_loss": [
    18.61358819828659,
    12.102851718175607,
    10.420826837664745,
    9.681116127576985,
    9.26929643799047,
    8.95961488319225,
    8.896465339132996,
    8.822766545366068,
    8.843412944039361,
    8.807054490828124
  ],
  "val_ppl": [
    121277055.1667313,
    180385.53819401434,
    33551.16404633129,
    16012.358792341702,
    10607.286376796239,
    7782.3597674346975,
    7306.103247497911,
    6787.015261688258,
    6928.599254941784,
    6681.210688006577
  ]
}