{
  "epoch": [
    1,
    1,
    1,
    1,
    2,
    2,
    2,
    2,
    3,
    3,
    3,
    3,
    4,
    4,
    4,
    4,
    5,
    5,
    5,
    5,
    6,
    6,
    6,
    6,
    7,
    7,
    7,
    7,
    7,
    8,
    8,
    8,
    8,
    9,
    9,
    9,
    9,
    10,
    10,
    10,
    10
  ],
  "step": [
    100,
    200,
    300,
    315,
    400,
    500,
    600,
    630,
    700,
    800,
    900,
    945,
    1000,
    1100,
    1200,
    1260,
    1300,
    1400,
    1500,
    1575,
    1600,
    1700,
    1800,
    1890,
    1900,
    2000,
    2100,
    2200,
    2205,
    2300,
    2400,
    2500,
    2520,
    2600,
    2700,
    2800,
    2835,
    2900,
    3000,
    3100,
    3150
  ],
  "loss_lm": [
    21.67481231689453,
    14.61131763458252,
    9.621879577636719,
    8.07819938659668,
    6.347990989685059,
    6.180717945098877,
    5.600988388061523,
    5.442251205444336,
    5.157866477966309,
    4.83973503112793,
    4.527610778808594,
    4.659327507019043,
    4.4289140701293945,
    4.395988464355469,
    4.2555389404296875,
    3.996664047241211,
    4.101167678833008,
    3.9135966300964355,
    4.099656581878662,
    4.042911052703857,
    3.795991897583008,
    3.7064831256866455,
    3.5619547367095947,
    3.6769049167633057,
    3.872910976409912,
    3.525007486343384,
    3.494004726409912,
    3.3011012077331543,
    3.4910340309143066,
    3.448568344116211,
    3.5570993423461914
  ],
  "loss_router_reinforce": [
    -0.00421673059463501,
    -0.23112010955810547,
    -0.09651805460453033,
    -0.9303796291351318,
    -1.7339459657669067,
    -3.2959563732147217,
    -1.830945372581482,
    -3.1537551879882812,
    -3.567685604095459,
    -3.190871238708496,
    0.08775568008422852,
    -3.087843418121338,
    -1.7001149654388428,
    -1.0295802354812622,
    -0.07348304986953735,
    -1.560509443283081,
    -2.866476058959961,
    -1.8143967390060425,
    -3.130021810531616,
    -0.7142274379730225,
    -0.9460465908050537,
    -1.0142230987548828,
    -1.287177562713623,
    -2.376296043395996,
    -4.0609025955200195,
    -1.9312713146209717,
    -0.28987348079681396,
    -2.0769166946411133,
    -2.5419535636901855,
    -1.4369900226593018,
    -2.0023906230926514
  ],
  "entropy": [
    4.381070613861084,
    4.308340549468994,
    2.4144234657287598,
    0.560157299041748,
    0.6318378448486328,
    2.1062303858343512e-05,
    3.9677399854554096e-07,
    0.0004218490212224424,
    0.6858235001564026,
    0.00665898947045207,
    0.05421188846230507,
    0.697480320930481,
    0.06577792763710022,
    0.008727826178073883,
    7.119816291378811e-05,
    0.19168788194656372,
    0.0012945136986672878,
    0.04872991889715195,
    0.003513004630804062,
    0.018103813752532005,
    0.05158955231308937,
    0.3928970694541931,
    0.1432303488254547,
    0.6895173788070679,
    0.9706681966781616,
    0.0007747672498226166,
    0.07920032739639282,
    0.2483806610107422,
    0.33604374527931213,
    0.6138885617256165,
    0.0009643713710829616
  ],
  "avg_reward": [
    -21.694374084472656,
    -14.535762786865234,
    -9.589081764221191,
    -8.065165519714355,
    -6.366497993469238,
    -6.136940002441406,
    -5.595871925354004,
    -5.445873260498047,
    -5.138635635375977,
    -4.845039367675781,
    -4.502277851104736,
    -4.625629425048828,
    -4.4690656661987305,
    -4.43096923828125,
    -4.226523399353027,
    -4.009897232055664,
    -4.1220831871032715,
    -3.907482385635376,
    -4.094398498535156,
    -4.072585582733154,
    -3.811649799346924,
    -3.7287964820861816,
    -3.550994634628296,
    -3.678274631500244,
    -3.8862338066101074,
    -3.530740737915039,
    -3.479604721069336,
    -3.314239501953125,
    -3.4727258682250977,
    -3.4412484169006348,
    -3.54252290725708
  ],
  "curriculum_bias_strength": [
    0.0,
    0.0,
    0.0,
    0.0,
    0.0,
    0.0,
    0.0,
    0.0,
    0.0,
    0.0,
    0.0,
    0.0,
    0.0,
    0.0,
    0.0,
    0.0,
    0.0,
    0.0,
    0.0,
    0.0,
    0.0,
    0.0,
    0.0,
    0.0,
    0.0,
    0.0,
    0.0,
    0.0,
    0.0,
    0.0,
    0.0
  ],
  "coverage": [
    0.06364106386899948,
    0.12728212773799896,
    0.19092319905757904,
    0.22190843522548676,
    0.24728530645370483,
    0.27401456236839294,
    0.2869018614292145,
    0.2953740954399109,
    0.3042042851448059,
    0.31120479106903076,
    0.3157790005207062,
    0.321387380361557,
    0.32516607642173767,
    0.328467458486557,
    0.3318881392478943,
    0.3354281783103943,
    0.3371783196926117,
    0.3395250737667084,
    0.3427071273326874,
    0.34449702501296997,
    0.3456505239009857,
    0.3474006652832031,
    0.3493496775627136,
    0.35058271884918213,
    0.35229307413101196,
    0.35388410091400146,
    0.35519668459892273,
    0.3568274974822998,
    0.3591344952583313,
    0.360407292842865,
    0.36136192083358765
  ],
  "balance_std": [
    0.0,
    0.0,
    0.0,
    0.35429608821868896,
    0.452301025390625,
    0.48856720328330994,
    0.6401237845420837,
    0.7566520571708679,
    0.8253399133682251,
    0.9409351944923401,
    1.0743634700775146,
    1.1686712503433228,
    1.2867393493652344,
    1.4296945333480835,
    1.533842921257019,
    1.6402006149291992,
    1.7854427099227905,
    1.8983038663864136,
    1.997127652168274,
    2.1457529067993164,
    2.2678089141845703,
    2.367525815963745,
    2.5123069286346436,
    2.639214038848877,
    2.7512402534484863,
    2.8873775005340576,
    3.022233724594116,
    3.126551628112793,
    3.2571206092834473,
    3.3920669555664062,
    3.5065577030181885
  ],
  "unique_ratio": [
    1.0,
    1.0,
    1.0,
    0.969375,
    1.0,
    1.0,
    0.938125,
    1.0,
    1.0,
    0.928125,
    1.0,
    1.0,
    0.931875,
    1.0,
    1.0,
    0.956875,
    1.0,
    1.0,
    0.971875,
    1.0,
    1.0,
    1.0,
    0.99125,
    1.0,
    1.0,
    0.96,
    1.0,
    1.0,
    0.941875,
    1.0,
    1.0
  ],
  "easy_ratio": [
    0.850625,
    0.9228125,
    0.9477083333333334,
    0.96,
    0.968,
    0.9733333333333334,
    0.9770535714285714,
    0.97984375,
    0.9820833333333333,
    0.9838125,
    0.9852840909090909,
    0.9865104166666666,
    0.9875480769230769,
    0.9884375,
    0.9892083333333334,
    0.9898828125,
    0.9904779411764706,
    0.9910069444444445,
    0.9914802631578947,
    0.99190625,
    0.9922916666666667,
    0.9926420454545455,
    0.9928804347826087,
    0.9931770833333333,
    0.99345,
    0.9937019230769231,
    0.9939351851851852,
    0.9941517857142858,
    0.9942887931034483,
    0.9944791666666667,
    0.9946572580645161
  ],
  "hard_ratio": [
    0.149375,
    0.0771875,
    0.05229166666666667,
    0.04,
    0.032,
    0.02666666666666667,
    0.022946428571428572,
    0.02015625,
    0.017916666666666668,
    0.0161875,
    0.01471590909090909,
    0.013489583333333333,
    0.012451923076923077,
    0.0115625,
    0.010791666666666666,
    0.0101171875,
    0.009522058823529411,
    0.008993055555555556,
    0.008519736842105264,
    0.00809375,
    0.0077083333333333335,
    0.007357954545454545,
    0.007119565217391304,
    0.006822916666666666,
    0.00655,
    0.006298076923076923,
    0.0060648148148148145,
    0.005848214285714286,
    0.005711206896551724,
    0.005520833333333333,
    0.005342741935483871
  ],
  "val_loss": [
    22.609917185345633,
    19.299004040780616,
    17.863589327843464,
    17.198466946844196,
    16.901923848957313,
    16.56988552945559,
    15.923978558329285,
    15.920264854782918,
    15.25444735171365,
    15.137794484857652
  ],
  "val_ppl": [
    6597239793.159541,
    240686073.02609992,
    57287289.184905514,
    29457731.014708776,
    21898393.78524109,
    15711217.874209398,
    8235614.656453769,
    8205086.745987967,
    4216210.731529885,
    3751980.8489006246
  ]
}