{
  "epoch": [
    1,
    1,
    1,
    1,
    2,
    2,
    2,
    2,
    3,
    3,
    3,
    3,
    4,
    4,
    4,
    4,
    5,
    5,
    5,
    5,
    6,
    6,
    6,
    6,
    7,
    7,
    7,
    7,
    7,
    8,
    8,
    8,
    8,
    9,
    9,
    9,
    9,
    10,
    10,
    10,
    10
  ],
  "step": [
    100,
    200,
    300,
    315,
    400,
    500,
    600,
    630,
    700,
    800,
    900,
    945,
    1000,
    1100,
    1200,
    1260,
    1300,
    1400,
    1500,
    1575,
    1600,
    1700,
    1800,
    1890,
    1900,
    2000,
    2100,
    2200,
    2205,
    2300,
    2400,
    2500,
    2520,
    2600,
    2700,
    2800,
    2835,
    2900,
    3000,
    3100,
    3150
  ],
  "loss_lm": [
    22.455780029296875,
    16.787307739257812,
    17.505714416503906,
    13.793050765991211,
    12.177620887756348,
    11.071893692016602,
    9.441912651062012,
    9.602348327636719,
    9.068603515625,
    8.700113296508789,
    7.567917823791504,
    8.513572692871094,
    8.376842498779297,
    6.798575401306152,
    7.488808631896973,
    7.208258628845215,
    8.177140235900879,
    7.518857002258301,
    7.9167327880859375,
    7.96525764465332,
    7.7920098304748535,
    7.657785415649414,
    6.882589340209961,
    7.487414836883545,
    7.451065540313721,
    5.81869649887085,
    6.499385833740234,
    5.864704132080078,
    5.802518844604492,
    5.370721817016602,
    5.136258125305176
  ],
  "loss_router_reinforce": [
    5.268678069114685e-05,
    -0.0002337433397769928,
    -2.7375295758247375e-05,
    -0.0004150010645389557,
    -3.397837281227112e-05,
    0.004061296582221985,
    -0.021453656256198883,
    -0.019901011139154434,
    -0.03130284696817398,
    -0.0030880793929100037,
    -0.012550832703709602,
    -0.016836335882544518,
    0.005189118906855583,
    -0.011932892724871635,
    0.0005983500741422176,
    0.01003575511276722,
    0.01970449835062027,
    -0.04335787147283554,
    -0.39839968085289,
    -0.0228435005992651,
    -0.031879574060440063,
    -0.03937859833240509,
    -0.07818791270256042,
    0.022358594462275505,
    -0.03538709878921509,
    -0.11698595434427261,
    -0.008366964757442474,
    0.018492594361305237,
    -0.0022148694843053818,
    -0.0013004839420318604,
    0.019748851656913757
  ],
  "entropy": [
    4.381908416748047,
    4.381955146789551,
    4.381831645965576,
    4.381684303283691,
    4.379624366760254,
    4.3561859130859375,
    4.225431442260742,
    4.012693405151367,
    3.980489492416382,
    4.165016174316406,
    3.648169755935669,
    3.6796865463256836,
    3.904197931289673,
    2.2238965034484863,
    3.6300485134124756,
    3.042362928390503,
    0.12355809658765793,
    0.029550280421972275,
    2.782668366563268e-11,
    1.0927008390426636,
    1.475705903430935e-05,
    0.019384274259209633,
    6.14261080045253e-05,
    0.5666530132293701,
    0.00011436075874371454,
    0.00011402818927308545,
    8.404890081692429e-07,
    0.6026570200920105,
    0.22921966016292572,
    5.743165054639121e-09,
    0.039786890149116516
  ],
  "avg_reward": [
    0.16504061222076416,
    0.16718530654907227,
    0.10632359981536865,
    0.08854711055755615,
    0.059479713439941406,
    0.12525492906570435,
    0.08399534225463867,
    0.08201360702514648,
    0.06735479831695557,
    0.03809171915054321,
    0.0793992280960083,
    0.05422794818878174,
    0.04555973410606384,
    0.08716544508934021,
    0.04844093322753906,
    0.04067620635032654,
    0.03937128186225891,
    0.05065396428108215,
    0.053774237632751465,
    0.027915865182876587,
    0.038502037525177,
    0.033085405826568604,
    0.04081320762634277,
    0.03648081421852112,
    0.03603896498680115,
    0.036621809005737305,
    0.03331741690635681,
    0.015949487686157227,
    0.029706865549087524,
    0.029416486620903015,
    0.028630390763282776
  ],
  "curriculum_bias_strength": [
    0.0,
    0.0,
    0.0,
    0.0,
    0.0,
    0.0,
    0.0,
    0.0,
    0.0,
    0.0,
    0.0,
    0.0,
    0.0,
    0.0,
    0.0,
    0.0,
    0.0,
    0.0,
    0.0,
    0.0,
    0.0,
    0.0,
    0.0,
    0.0,
    0.0,
    0.0,
    0.0,
    0.0,
    0.0,
    0.0,
    0.0
  ],
  "coverage": [
    0.06364106386899948,
    0.12728212773799896,
    0.19092319905757904,
    0.24565450847148895,
    0.29919254779815674,
    0.3541625142097473,
    0.38494887948036194,
    0.40674594044685364,
    0.4335945248603821,
    0.45205044746398926,
    0.4670856297016144,
    0.4841096103191376,
    0.4992641508579254,
    0.5096853971481323,
    0.5247205495834351,
    0.5444890856742859,
    0.5501769781112671,
    0.5548705458641052,
    0.5608766674995422,
    0.5639791488647461,
    0.5672805309295654,
    0.5703432559967041,
    0.5859353542327881,
    0.5926176309585571,
    0.5959190130233765,
    0.6090847849845886,
    0.6236426830291748,
    0.6398313641548157,
    0.6464738845825195,
    0.6552643179893494,
    0.6650093197822571
  ],
  "balance_std": [
    0.0,
    0.0,
    0.0,
    0.1869749128818512,
    0.24396030604839325,
    0.26844945549964905,
    0.3922158181667328,
    0.4915018677711487,
    0.5358601212501526,
    0.6413740515708923,
    0.7468626499176025,
    0.8145961761474609,
    0.8930625915527344,
    1.0012412071228027,
    1.0780746936798096,
    1.1226333379745483,
    1.2463361024856567,
    1.3528084754943848,
    1.4426970481872559,
    1.570879578590393,
    1.6814842224121094,
    1.778647541999817,
    1.834213137626648,
    1.9343777894973755,
    2.0416722297668457,
    2.1027910709381104,
    2.164229154586792,
    2.2054927349090576,
    2.2766270637512207,
    2.321059226989746,
    2.359846353530884
  ],
  "unique_ratio": [
    1.0,
    1.0,
    1.0,
    0.97625,
    1.0,
    1.0,
    0.954375,
    1.0,
    1.0,
    0.950625,
    1.0,
    1.0,
    0.9575,
    1.0,
    1.0,
    0.978125,
    1.0,
    1.0,
    0.979375,
    1.0,
    1.0,
    1.0,
    0.9925,
    1.0,
    1.0,
    0.978125,
    1.0,
    1.0,
    0.94,
    1.0,
    1.0
  ],
  "easy_ratio": [
    0.90875,
    0.926875,
    0.8077083333333334,
    0.636875,
    0.537375,
    0.4740625,
    0.43214285714285716,
    0.407890625,
    0.4047222222222222,
    0.39475,
    0.38585227272727274,
    0.3834375,
    0.38514423076923077,
    0.3763392857142857,
    0.377375,
    0.3948828125,
    0.37838235294117645,
    0.35864583333333333,
    0.3414144736842105,
    0.32496875,
    0.3098511904761905,
    0.2972727272727273,
    0.3114673913043478,
    0.3117447916666667,
    0.304675,
    0.3145192307692308,
    0.3249074074074074,
    0.3375,
    0.34454741379310344,
    0.35685416666666664,
    0.3684677419354839
  ],
  "hard_ratio": [
    0.09125,
    0.073125,
    0.19229166666666667,
    0.363125,
    0.462625,
    0.5259375,
    0.5678571428571428,
    0.592109375,
    0.5952777777777778,
    0.60525,
    0.6141477272727273,
    0.6165625,
    0.6148557692307692,
    0.6236607142857142,
    0.622625,
    0.6051171875,
    0.6216176470588235,
    0.6413541666666667,
    0.6585855263157895,
    0.67503125,
    0.6901488095238095,
    0.7027272727272728,
    0.6885326086956521,
    0.6882552083333333,
    0.695325,
    0.6854807692307693,
    0.6750925925925926,
    0.6625,
    0.6554525862068965,
    0.6431458333333333,
    0.6315322580645162
  ],
  "val_loss": [
    18.861038500168284,
    11.93494535469618,
    10.328106235285274,
    9.685668707871047,
    9.349254573466348,
    8.985565492364227,
    8.792479678255614,
    8.70424205309055,
    8.83123927771068,
    8.83450937613112
  ],
  "val_ppl": [
    155326280.85472292,
    152503.885698656,
    30580.145432777732,
    16085.422529513065,
    11490.255110976612,
    7986.960012759994,
    6584.53948805851,
    6028.430977284437,
    6844.764125282897,
    6867.183814954338
  ]
}