{
  "epoch": [
    1,
    1,
    1,
    1,
    2,
    2,
    2,
    2,
    3,
    3,
    3,
    3,
    4,
    4,
    4,
    4,
    5,
    5,
    5,
    5,
    6,
    6,
    6,
    6,
    7,
    7,
    7,
    7,
    7,
    8,
    8,
    8,
    8,
    9,
    9,
    9,
    9,
    10,
    10,
    10,
    10
  ],
  "step": [
    100,
    200,
    300,
    315,
    400,
    500,
    600,
    630,
    700,
    800,
    900,
    945,
    1000,
    1100,
    1200,
    1260,
    1300,
    1400,
    1500,
    1575,
    1600,
    1700,
    1800,
    1890,
    1900,
    2000,
    2100,
    2200,
    2205,
    2300,
    2400,
    2500,
    2520,
    2600,
    2700,
    2800,
    2835,
    2900,
    3000,
    3100,
    3150
  ],
  "loss_lm": [
    26.802751541137695,
    17.962461471557617,
    13.047861099243164,
    10.937313079833984,
    9.151646614074707,
    8.734850883483887,
    7.809139728546143,
    7.696423530578613,
    7.342617988586426,
    6.3622283935546875,
    6.989664554595947,
    6.942905426025391,
    6.705595970153809,
    5.5620856285095215,
    6.330301284790039,
    6.5125732421875,
    6.549375057220459,
    5.868100166320801,
    5.330942153930664,
    6.3828606605529785,
    5.607655048370361,
    5.839072227478027,
    5.843629837036133,
    5.524476051330566,
    5.1109113693237305,
    5.720265865325928,
    5.60903263092041,
    4.724721908569336,
    4.812833309173584,
    4.868356704711914,
    5.84467887878418
  ],
  "loss_router_reinforce": [
    -0.00025893934071063995,
    0.0003677941858768463,
    -0.0006975904107093811,
    0.0019524246454238892,
    -0.018307797610759735,
    -0.08798340708017349,
    -0.2722408175468445,
    0.22504419088363647,
    -0.04671810194849968,
    -0.02177082747220993,
    0.06000594422221184,
    0.22839213907718658,
    0.055732935667037964,
    0.04611728712916374,
    0.10642042756080627,
    -0.37199002504348755,
    -0.12260064482688904,
    -0.029025450348854065,
    0.02763037383556366,
    -0.06063580885529518,
    0.1139458566904068,
    0.01858094334602356,
    -0.07893942296504974,
    -0.043206147849559784,
    0.0696142166852951,
    0.013308696448802948,
    0.011649668216705322,
    0.007096044719219208,
    0.07623293995857239,
    -0.04051174223423004,
    -0.038422591984272
  ],
  "entropy": [
    4.381494998931885,
    4.3816819190979,
    4.380915641784668,
    4.318973541259766,
    4.156998634338379,
    2.6083664894104004,
    1.9557478427886963,
    1.9418721199035645,
    1.303917407989502,
    1.3017388582229614,
    2.53017520904541,
    2.4762086868286133,
    1.9252930879592896,
    1.573523998260498,
    2.3937549591064453,
    2.1955463886260986,
    2.1337063312530518,
    1.9797240495681763,
    1.9411989450454712,
    2.1671080589294434,
    2.4086310863494873,
    2.5411901473999023,
    2.019888162612915,
    2.3461954593658447,
    2.984118938446045,
    2.7158825397491455,
    2.5935516357421875,
    2.5862584114074707,
    2.5940237045288086,
    2.747295379638672,
    3.352360725402832
  ],
  "avg_reward": [
    0.194921612739563,
    0.04943537712097168,
    0.12142819166183472,
    0.07258844375610352,
    0.09353086352348328,
    0.119330495595932,
    0.0557037889957428,
    0.05434900522232056,
    0.0701347291469574,
    0.052560240030288696,
    0.047106266021728516,
    0.05908861756324768,
    0.06705296039581299,
    0.03833469748497009,
    0.08128875494003296,
    0.06703570485115051,
    0.06694316864013672,
    0.04446549713611603,
    0.06499823927879333,
    0.020555034279823303,
    0.04636463522911072,
    0.04811131954193115,
    0.046512946486473083,
    0.0412728488445282,
    0.03856991231441498,
    0.03399085998535156,
    0.028347820043563843,
    0.04052078723907471,
    0.024414777755737305,
    0.04674267768859863,
    0.03904514014720917
  ],
  "curriculum_bias_strength": [
    0.0,
    0.0,
    0.0,
    0.0,
    0.0,
    0.0,
    0.0,
    0.0,
    0.0,
    0.0,
    0.0,
    0.0,
    0.0,
    0.0,
    0.0,
    0.0,
    0.0,
    0.0,
    0.0,
    0.0,
    0.0,
    0.0,
    0.0,
    0.0,
    0.0,
    0.0,
    0.0,
    0.0,
    0.0,
    0.0,
    0.0
  ],
  "coverage": [
    0.06364106386899948,
    0.12728212773799896,
    0.19092319905757904,
    0.24358616769313812,
    0.2939023971557617,
    0.3442981541156769,
    0.3887275755405426,
    0.42953741550445557,
    0.46983015537261963,
    0.5066624283790588,
    0.5399149060249329,
    0.5728889107704163,
    0.6023228764533997,
    0.628614604473114,
    0.6539517045021057,
    0.6781750917434692,
    0.6988186836242676,
    0.7197406888008118,
    0.7392705082893372,
    0.7560956478118896,
    0.7732389569282532,
    0.7904220223426819,
    0.803587794303894,
    0.8173103928565979,
    0.8291634917259216,
    0.8397836089134216,
    0.8511196970939636,
    0.8613818287849426,
    0.8710870742797852,
    0.8807525634765625,
    0.8893440961837769
  ],
  "balance_std": [
    0.0,
    0.0,
    0.0,
    0.20747151970863342,
    0.2754324674606323,
    0.3117291033267975,
    0.3673422932624817,
    0.41572898626327515,
    0.44974061846733093,
    0.48923832178115845,
    0.5288342833518982,
    0.5603015422821045,
    0.5951696038246155,
    0.6334490776062012,
    0.6605697870254517,
    0.6890402436256409,
    0.7252858877182007,
    0.755215585231781,
    0.7803254723548889,
    0.8142635226249695,
    0.842133641242981,
    0.8670621514320374,
    0.8993604183197021,
    0.928878664970398,
    0.9563930630683899,
    0.9857222437858582,
    1.013678789138794,
    1.0379935503005981,
    1.0657485723495483,
    1.0904587507247925,
    1.1152809858322144
  ],
  "unique_ratio": [
    1.0,
    1.0,
    1.0,
    0.993125,
    1.0,
    1.0,
    0.9875,
    1.0,
    1.0,
    0.985625,
    1.0,
    1.0,
    0.991875,
    1.0,
    1.0,
    0.986875,
    1.0,
    1.0,
    0.994375,
    1.0,
    1.0,
    1.0,
    0.998125,
    1.0,
    1.0,
    0.98875,
    1.0,
    1.0,
    0.9875,
    1.0,
    1.0
  ],
  "easy_ratio": [
    0.70625,
    0.69375,
    0.6975,
    0.69890625,
    0.696875,
    0.6967708333333333,
    0.6976785714285715,
    0.699765625,
    0.6988888888888889,
    0.6998125,
    0.7016477272727273,
    0.7021354166666667,
    0.7019711538461538,
    0.7020982142857143,
    0.7008333333333333,
    0.700390625,
    0.7010661764705882,
    0.7011111111111111,
    0.7008881578947368,
    0.701,
    0.7013095238095238,
    0.7013068181818182,
    0.7014402173913044,
    0.7005989583333333,
    0.701375,
    0.7010817307692307,
    0.6999074074074074,
    0.6995089285714285,
    0.6994612068965518,
    0.6999375,
    0.6994153225806452
  ],
  "hard_ratio": [
    0.29375,
    0.30625,
    0.3025,
    0.30109375,
    0.303125,
    0.30322916666666666,
    0.3023214285714286,
    0.300234375,
    0.3011111111111111,
    0.3001875,
    0.2983522727272727,
    0.2978645833333333,
    0.29802884615384617,
    0.2979017857142857,
    0.2991666666666667,
    0.299609375,
    0.2989338235294118,
    0.29888888888888887,
    0.29911184210526315,
    0.299,
    0.2986904761904762,
    0.29869318181818183,
    0.29855978260869565,
    0.29940104166666665,
    0.298625,
    0.29891826923076925,
    0.3000925925925926,
    0.30049107142857145,
    0.3005387931034483,
    0.3000625,
    0.30058467741935485
  ],
  "val_loss": [
    18.542666458692707,
    13.308445450712423,
    11.325365242410879,
    10.60211055005183,
    10.006839771739772,
    9.781707675730596,
    9.534561792846587,
    9.298828933571206,
    9.154380000517017,
    8.993369122020534
  ],
  "val_ppl": [
    112973796.30648983,
    602260.5576767514,
    82897.91934284412,
    40219.63346575717,
    22177.638196084976,
    17706.86463270481,
    13829.534879858496,
    10925.217558327193,
    9455.766069691108,
    8049.53111409985
  ]
}