{
  "epoch": [
    1,
    1,
    1,
    1,
    2,
    2,
    2,
    2,
    3,
    3,
    3,
    3,
    4,
    4,
    4,
    4,
    5,
    5,
    5,
    5,
    6,
    6,
    6,
    6,
    7,
    7,
    7,
    7,
    7,
    8,
    8,
    8,
    8,
    9,
    9,
    9,
    9,
    10,
    10,
    10,
    10
  ],
  "step": [
    100,
    200,
    300,
    315,
    400,
    500,
    600,
    630,
    700,
    800,
    900,
    945,
    1000,
    1100,
    1200,
    1260,
    1300,
    1400,
    1500,
    1575,
    1600,
    1700,
    1800,
    1890,
    1900,
    2000,
    2100,
    2200,
    2205,
    2300,
    2400,
    2500,
    2520,
    2600,
    2700,
    2800,
    2835,
    2900,
    3000,
    3100,
    3150
  ],
  "loss_lm": [
    22.129093170166016,
    18.35158920288086,
    16.356159210205078,
    14.183916091918945,
    12.567398071289062,
    11.109192848205566,
    9.53676700592041,
    8.595128059387207,
    7.926734924316406,
    9.264169692993164,
    8.866114616394043,
    8.295553207397461,
    8.452802658081055,
    8.114358901977539,
    7.621851921081543,
    7.9233598709106445,
    8.130029678344727,
    6.2731757164001465,
    7.997237205505371,
    7.889925956726074,
    7.220322608947754,
    5.915555000305176,
    6.790287971496582,
    6.043020248413086,
    7.561168670654297,
    6.377213478088379,
    6.736170291900635,
    6.029020309448242,
    6.7728400230407715,
    5.9164862632751465,
    5.770964622497559
  ],
  "loss_router_reinforce": [
    0.0004999637603759766,
    -0.00011790171265602112,
    0.0005751531571149826,
    0.0004515796899795532,
    -0.0021081306040287018,
    -0.0008202698081731796,
    -0.01832842454314232,
    -0.011701110750436783,
    -0.0009342897683382034,
    0.004014831036329269,
    -0.011130664497613907,
    -0.03688914701342583,
    0.06841104477643967,
    0.03272828459739685,
    -0.21703793108463287,
    -0.04266459494829178,
    -0.0018248707056045532,
    0.005540966987609863,
    -0.26133155822753906,
    -0.04095431789755821,
    0.004153043031692505,
    0.0029297582805156708,
    0.07541458308696747,
    -0.029164548963308334,
    -0.004124142229557037,
    -0.08590405434370041,
    -0.1359947770833969,
    -0.005722492933273315,
    0.026275677606463432,
    0.048841431736946106,
    -0.031045235693454742
  ],
  "entropy": [
    4.380678653717041,
    4.381129264831543,
    4.3765974044799805,
    4.376584053039551,
    4.377181053161621,
    4.36581563949585,
    4.272703170776367,
    4.15660285949707,
    3.998356342315674,
    3.240999221801758,
    1.3909637928009033,
    0.12807323038578033,
    0.972044825553894,
    2.786958719358523e-10,
    0.05457001179456711,
    0.6696881651878357,
    4.071328476129565e-06,
    0.0013878296595066786,
    5.326872044186153e-15,
    0.7955964803695679,
    4.604691294929353e-09,
    0.33331263065338135,
    0.6884331703186035,
    0.49521735310554504,
    2.6307518055546097e-05,
    0.00010434898285893723,
    8.299652876075925e-08,
    0.5435526371002197,
    0.08690474927425385,
    1.1210102290881707e-10,
    0.0024963875766843557
  ],
  "avg_reward": [
    0.1941227912902832,
    0.10640460252761841,
    0.051535844802856445,
    0.12029606103897095,
    0.0801013708114624,
    0.08943784236907959,
    0.10087811946868896,
    0.042040497064590454,
    0.035068005323410034,
    0.10158208012580872,
    0.047489672899246216,
    0.07696974277496338,
    0.07105016708374023,
    0.04583737254142761,
    0.049134522676467896,
    0.02760070562362671,
    0.02814546227455139,
    0.04505878686904907,
    0.0535847544670105,
    0.051422327756881714,
    0.04429087042808533,
    0.04825976490974426,
    0.04154828190803528,
    0.04386794567108154,
    0.045411646366119385,
    0.04718601703643799,
    0.049458473920822144,
    0.046940505504608154,
    0.04844161868095398,
    0.027082398533821106,
    0.04716624319553375
  ],
  "curriculum_bias_strength": [
    0.0,
    0.0,
    0.0,
    0.0,
    0.0,
    0.0,
    0.0,
    0.0,
    0.0,
    0.0,
    0.0,
    0.0,
    0.0,
    0.0,
    0.0,
    0.0,
    0.0,
    0.0,
    0.0,
    0.0,
    0.0,
    0.0,
    0.0,
    0.0,
    0.0,
    0.0,
    0.0,
    0.0,
    0.0,
    0.0,
    0.0
  ],
  "coverage": [
    0.06364106386899948,
    0.12728212773799896,
    0.19092319905757904,
    0.24139851331710815,
    0.2907203435897827,
    0.34047970175743103,
    0.3708682954311371,
    0.40722325444221497,
    0.4350264370441437,
    0.4623125493526459,
    0.47687044739723206,
    0.4911101460456848,
    0.5008551478385925,
    0.5058668851852417,
    0.5117139220237732,
    0.5171234011650085,
    0.5185950994491577,
    0.5228113532066345,
    0.5359770655632019,
    0.537846565246582,
    0.5424207448959351,
    0.5637803077697754,
    0.5744401812553406,
    0.5897538065910339,
    0.5933733582496643,
    0.597510039806366,
    0.6080108284950256,
    0.6174774169921875,
    0.6258302927017212,
    0.6296089887619019,
    0.636052668094635
  ],
  "balance_std": [
    0.0,
    0.0,
    0.0,
    0.2270977944135666,
    0.2925998866558075,
    0.32672110199928284,
    0.43529602885246277,
    0.48266565799713135,
    0.5365657210350037,
    0.6136676073074341,
    0.7086965441703796,
    0.7821801900863647,
    0.8767995834350586,
    1.0029937028884888,
    1.101056694984436,
    1.1950401067733765,
    1.336384892463684,
    1.4460792541503906,
    1.51222562789917,
    1.6480857133865356,
    1.7624273300170898,
    1.7825324535369873,
    1.8690799474716187,
    1.9197264909744263,
    2.023940324783325,
    2.1321792602539062,
    2.188497304916382,
    2.238266944885254,
    2.2963154315948486,
    2.380481004714966,
    2.447235107421875
  ],
  "unique_ratio": [
    1.0,
    1.0,
    1.0,
    0.978125,
    1.0,
    1.0,
    0.95,
    1.0,
    1.0,
    0.9675,
    1.0,
    1.0,
    0.934375,
    1.0,
    1.0,
    0.956875,
    1.0,
    1.0,
    0.989375,
    1.0,
    1.0,
    1.0,
    0.993125,
    1.0,
    1.0,
    0.96625,
    1.0,
    1.0,
    0.951875,
    1.0,
    1.0
  ],
  "easy_ratio": [
    0.8675,
    0.8853125,
    0.725,
    0.59828125,
    0.504375,
    0.4301041666666667,
    0.3850892857142857,
    0.39765625,
    0.383125,
    0.393625,
    0.38295454545454544,
    0.37114583333333334,
    0.34625,
    0.32441964285714286,
    0.30525,
    0.287890625,
    0.27198529411764705,
    0.26274305555555555,
    0.27032894736842106,
    0.2600625,
    0.25583333333333336,
    0.2778125,
    0.2850271739130435,
    0.29908854166666665,
    0.2947,
    0.29341346153846154,
    0.3052546296296296,
    0.316875,
    0.3282327586206897,
    0.334375,
    0.3423185483870968
  ],
  "hard_ratio": [
    0.1325,
    0.1146875,
    0.275,
    0.40171875,
    0.495625,
    0.5698958333333334,
    0.6149107142857143,
    0.60234375,
    0.616875,
    0.606375,
    0.6170454545454546,
    0.6288541666666667,
    0.65375,
    0.6755803571428571,
    0.69475,
    0.712109375,
    0.728014705882353,
    0.7372569444444445,
    0.7296710526315789,
    0.7399375,
    0.7441666666666666,
    0.7221875,
    0.7149728260869566,
    0.7009114583333333,
    0.7053,
    0.7065865384615385,
    0.6947453703703703,
    0.683125,
    0.6717672413793103,
    0.665625,
    0.6576814516129033
  ],
  "val_loss": [
    17.949633664772158,
    11.49937893816682,
    10.270880375729233,
    9.563364496973694,
    9.18041357349177,
    9.016274017388703,
    9.157799532178972,
    8.769848360878523,
    8.9223942126407,
    8.881949094475292
  ],
  "val_ppl": [
    62434818.39188193,
    98654.4814473272,
    28879.30061349359,
    14233.65481708099,
    9705.165742324692,
    8236.032526013292,
    9488.155708290278,
    6437.196259564212,
    7498.019609881276,
    7200.812129991243
  ]
}