{
  "epoch": [
    1,
    1,
    1,
    1,
    2,
    2,
    2,
    2,
    3,
    3,
    3,
    3,
    4,
    4,
    4,
    4,
    5,
    5,
    5,
    5,
    6,
    6,
    6,
    6,
    7,
    7,
    7,
    7,
    7,
    8,
    8,
    8,
    8,
    9,
    9,
    9,
    9,
    10,
    10,
    10,
    10
  ],
  "step": [
    100,
    200,
    300,
    315,
    400,
    500,
    600,
    630,
    700,
    800,
    900,
    945,
    1000,
    1100,
    1200,
    1260,
    1300,
    1400,
    1500,
    1575,
    1600,
    1700,
    1800,
    1890,
    1900,
    2000,
    2100,
    2200,
    2205,
    2300,
    2400,
    2500,
    2520,
    2600,
    2700,
    2800,
    2835,
    2900,
    3000,
    3100,
    3150
  ],
  "loss_lm": [
    21.834911346435547,
    15.099746704101562,
    10.407550811767578,
    9.056160926818848,
    9.793159484863281,
    10.704212188720703,
    9.85484504699707,
    8.136099815368652,
    6.979962348937988,
    7.737998962402344,
    7.203418731689453,
    6.700713157653809,
    6.866789817810059,
    6.2553887367248535,
    5.254461765289307,
    6.173779487609863,
    6.665238380432129,
    6.25128173828125,
    6.086452960968018,
    6.156980037689209,
    5.2482428550720215,
    5.7738542556762695,
    5.3336100578308105,
    5.318305969238281,
    5.329365253448486,
    5.405754089355469,
    5.601884841918945,
    4.5443925857543945,
    4.547585487365723,
    4.5665602684021,
    4.406284332275391
  ],
  "loss_router_reinforce": [
    -5.21540641784668e-08,
    -0.00014021992683410645,
    -1.952424645423889e-05,
    0.0007348358631134033,
    0.00038783811032772064,
    0.002428283914923668,
    -0.0007472094148397446,
    0.000302143394947052,
    0.0002506263554096222,
    0.0006027929484844208,
    0.000540612731128931,
    0.010144967585802078,
    0.00017907749861478806,
    -0.0027482600416988134,
    -0.0037261145189404488,
    0.00925040990114212,
    -0.0056488364934921265,
    0.0018727071583271027,
    -0.04486720263957977,
    0.0032578259706497192,
    -0.0037145595997571945,
    0.0029981820844113827,
    0.00031884945929050446,
    -0.003127302974462509,
    0.0033373385667800903,
    0.001579399686306715,
    -0.00011302530765533447,
    0.003114067018032074,
    -0.003336261957883835,
    0.004819449037313461,
    0.0022928062826395035
  ],
  "entropy": [
    4.381988048553467,
    4.381990909576416,
    4.381837844848633,
    4.381564140319824,
    4.379548072814941,
    4.375637054443359,
    4.371723175048828,
    4.369759559631348,
    4.364494323730469,
    4.35615348815918,
    4.339705467224121,
    4.29692268371582,
    4.3251566886901855,
    4.259130954742432,
    4.322529315948486,
    4.18732213973999,
    4.285044193267822,
    4.324381351470947,
    2.894275188446045,
    4.290549278259277,
    4.217237949371338,
    4.116396903991699,
    4.284426212310791,
    4.26743221282959,
    4.278091907501221,
    4.296017646789551,
    4.237351894378662,
    4.2957444190979,
    4.250743865966797,
    4.294268608093262,
    4.248411655426025
  ],
  "avg_reward": [
    0.18702948093414307,
    0.15629792213439941,
    0.06122714281082153,
    0.09513095021247864,
    0.0806131362915039,
    0.10086524486541748,
    0.0548548698425293,
    0.05931746959686279,
    0.07187113165855408,
    0.050589025020599365,
    0.0334911048412323,
    0.08017700910568237,
    0.035207897424697876,
    0.07353341579437256,
    0.05301755666732788,
    0.04577919840812683,
    0.05896463990211487,
    0.04946058988571167,
    0.04897630214691162,
    0.03923341631889343,
    0.044416338205337524,
    0.03810951113700867,
    0.0507936030626297,
    0.03474399447441101,
    0.051464587450027466,
    0.03212366998195648,
    0.05511088669300079,
    0.06885436177253723,
    0.05216209590435028,
    0.04013499617576599,
    0.042670369148254395
  ],
  "curriculum_bias_strength": [
    0.0,
    0.0,
    0.0,
    0.0,
    0.0,
    0.0,
    0.0,
    0.0,
    0.0,
    0.0,
    0.0,
    0.0,
    0.0,
    0.0,
    0.0,
    0.0,
    0.0,
    0.0,
    0.0,
    0.0,
    0.0,
    0.0,
    0.0,
    0.0,
    0.0,
    0.0,
    0.0,
    0.0,
    0.0,
    0.0,
    0.0
  ],
  "coverage": [
    0.06364106386899948,
    0.12728212773799896,
    0.19092319905757904,
    0.2303408831357956,
    0.2829242944717407,
    0.34433794021606445,
    0.3806133270263672,
    0.4055924713611603,
    0.427389532327652,
    0.4406746029853821,
    0.44477149844169617,
    0.4497036635875702,
    0.4544369876384735,
    0.4573405981063843,
    0.45984646677970886,
    0.46199434995651245,
    0.4635455906391144,
    0.46517640352249146,
    0.46784138679504395,
    0.4697108268737793,
    0.47193828225135803,
    0.47337019443511963,
    0.4751998782157898,
    0.47651246190071106,
    0.4794558584690094,
    0.4817230701446533,
    0.4838311970233917,
    0.4861381947994232,
    0.48808717727661133,
    0.48947933316230774,
    0.49087148904800415
  ],
  "balance_std": [
    0.0,
    0.0,
    0.0,
    0.3067900538444519,
    0.33040308952331543,
    0.31156834959983826,
    0.3801901340484619,
    0.4453818202018738,
    0.4924713969230652,
    0.6056260466575623,
    0.7328113317489624,
    0.8157182335853577,
    0.9279056787490845,
    1.0797183513641357,
    1.194469690322876,
    1.3075534105300903,
    1.4628973007202148,
    1.5917680263519287,
    1.7029743194580078,
    1.855521559715271,
    1.9836137294769287,
    2.1036131381988525,
    2.2524800300598145,
    2.384503126144409,
    2.4929001331329346,
    2.615971088409424,
    2.736755132675171,
    2.8458852767944336,
    2.9619557857513428,
    3.0876963138580322,
    3.1996946334838867
  ],
  "unique_ratio": [
    1.0,
    1.0,
    1.0,
    0.974375,
    1.0,
    1.0,
    0.94625,
    1.0,
    1.0,
    0.925,
    1.0,
    1.0,
    0.936875,
    1.0,
    1.0,
    0.951875,
    1.0,
    1.0,
    0.976875,
    1.0,
    1.0,
    1.0,
    0.99,
    1.0,
    1.0,
    0.9575,
    1.0,
    1.0,
    0.9425,
    1.0,
    1.0
  ],
  "easy_ratio": [
    0.9875,
    0.9865625,
    0.9877083333333333,
    0.980625,
    0.961375,
    0.8915625,
    0.8321428571428572,
    0.798828125,
    0.7822916666666667,
    0.766,
    0.7523863636363637,
    0.74375,
    0.7390865384615385,
    0.7341517857142857,
    0.730625,
    0.7280859375,
    0.7213970588235294,
    0.7170486111111111,
    0.7158552631578947,
    0.71659375,
    0.716875,
    0.7174147727272727,
    0.7189130434782609,
    0.7213802083333334,
    0.7249,
    0.7288221153846154,
    0.7329629629629629,
    0.73796875,
    0.742801724137931,
    0.74675,
    0.7505241935483871
  ],
  "hard_ratio": [
    0.0125,
    0.0134375,
    0.012291666666666666,
    0.019375,
    0.038625,
    0.1084375,
    0.16785714285714284,
    0.201171875,
    0.21770833333333334,
    0.234,
    0.24761363636363637,
    0.25625,
    0.2609134615384615,
    0.2658482142857143,
    0.269375,
    0.2719140625,
    0.2786029411764706,
    0.2829513888888889,
    0.2841447368421053,
    0.28340625,
    0.283125,
    0.2825852272727273,
    0.28108695652173915,
    0.27861979166666667,
    0.2751,
    0.2711778846153846,
    0.267037037037037,
    0.26203125,
    0.25719827586206895,
    0.25325,
    0.2494758064516129
  ],
  "val_loss": [
    22.08900459672584,
    13.481186066494613,
    10.955342806753565,
    10.003180724675538,
    9.573649736701466,
    9.359921764643467,
    9.255203898812903,
    9.188622116065416,
    9.294031436326074,
    9.308826819795076
  ],
  "val_ppl": [
    3918616899.4883695,
    715821.4665773193,
    57259.15416733684,
    22096.637457283723,
    14380.806818665276,
    11613.479921760005,
    10458.851149184482,
    9785.158872851558,
    10872.929383664192,
    11034.994494686654
  ]
}