{
  "epoch": [
    1,
    1,
    1,
    1,
    2,
    2,
    2,
    2,
    3,
    3,
    3,
    3,
    4,
    4,
    4,
    4,
    5,
    5,
    5,
    5,
    6,
    6,
    6,
    6,
    7,
    7,
    7,
    7,
    7,
    8,
    8,
    8,
    8,
    9,
    9,
    9,
    9,
    10,
    10,
    10,
    10
  ],
  "step": [
    100,
    200,
    300,
    315,
    400,
    500,
    600,
    630,
    700,
    800,
    900,
    945,
    1000,
    1100,
    1200,
    1260,
    1300,
    1400,
    1500,
    1575,
    1600,
    1700,
    1800,
    1890,
    1900,
    2000,
    2100,
    2200,
    2205,
    2300,
    2400,
    2500,
    2520,
    2600,
    2700,
    2800,
    2835,
    2900,
    3000,
    3100,
    3150
  ],
  "loss_lm": [
    22.271284103393555,
    16.065044403076172,
    18.03844451904297,
    14.00661849975586,
    11.671916961669922,
    11.274480819702148,
    10.17402458190918,
    9.671607971191406,
    9.09648323059082,
    8.864850997924805,
    9.040077209472656,
    7.825037002563477,
    8.012096405029297,
    8.060734748840332,
    7.65726375579834,
    7.603287696838379,
    7.812027931213379,
    6.183013916015625,
    6.891088485717773,
    6.978475093841553,
    6.651223659515381,
    7.628961563110352,
    6.477968215942383,
    5.326234340667725,
    7.554601669311523,
    7.355109214782715,
    6.874619483947754,
    5.699549198150635,
    5.290071487426758,
    6.070637226104736,
    5.3664469718933105
  ],
  "loss_router_reinforce": [
    -5.029141902923584e-05,
    -0.0003131888806819916,
    0.000387340784072876,
    -0.0008128881454467773,
    0.0007822737097740173,
    -0.0064945220947265625,
    -0.029085196554660797,
    -0.045965828001499176,
    -0.07981599867343903,
    0.00046350061893463135,
    -0.11524347960948944,
    -0.09136009216308594,
    0.027520202100276947,
    -0.012430302798748016,
    -0.05275088921189308,
    0.015001669526100159,
    0.013225004076957703,
    0.08889970183372498,
    -0.4351293742656708,
    0.03549677133560181,
    0.023203052580356598,
    -0.018303386867046356,
    -0.042149342596530914,
    0.012841403484344482,
    -0.07052113115787506,
    -0.1040908470749855,
    0.0240829735994339,
    -0.048140738159418106,
    0.013932473957538605,
    -0.04593007266521454,
    -0.0937294065952301
  ],
  "entropy": [
    4.381895065307617,
    4.381938934326172,
    4.381805419921875,
    4.381551742553711,
    4.380279064178467,
    4.352597236633301,
    3.936063766479492,
    2.894712448120117,
    0.890355110168457,
    0.6387723684310913,
    0.005319209303706884,
    5.53375284653157e-05,
    0.07742558419704437,
    1.5706196759834867e-11,
    0.01142313051968813,
    0.4195452928543091,
    1.0267870493407827e-05,
    0.00035382670466788113,
    4.7952394381385165e-15,
    1.0479938983917236,
    2.1675766959106113e-07,
    0.014955703169107437,
    0.0003172284341417253,
    0.0012495636474341154,
    2.1157977698749164e-06,
    6.064488911050603e-09,
    0.0001444128865841776,
    0.06642342358827591,
    0.010084539651870728,
    3.2445830466798498e-09,
    0.011863144114613533
  ],
  "avg_reward": [
    0.16402864456176758,
    0.11657679080963135,
    0.0976598858833313,
    0.15908855199813843,
    0.05025440454483032,
    0.076077401638031,
    0.0869070291519165,
    0.09646254777908325,
    0.09634840488433838,
    0.05317056179046631,
    0.06023353338241577,
    0.07640329003334045,
    0.033565670251846313,
    0.057314395904541016,
    0.05432090163230896,
    0.045092642307281494,
    0.0318741500377655,
    0.049163877964019775,
    0.05720594525337219,
    0.021545082330703735,
    0.046982377767562866,
    0.03983420133590698,
    0.03900989890098572,
    0.028602033853530884,
    0.020383715629577637,
    0.0460985004901886,
    0.04671800136566162,
    0.040490299463272095,
    0.02971741557121277,
    0.03195871412754059,
    0.019233182072639465
  ],
  "curriculum_bias_strength": [
    0.0,
    0.0,
    0.0,
    0.0,
    0.0,
    0.0,
    0.0,
    0.0,
    0.0,
    0.0,
    0.0,
    0.0,
    0.0,
    0.0,
    0.0,
    0.0,
    0.0,
    0.0,
    0.0,
    0.0,
    0.0,
    0.0,
    0.0,
    0.0,
    0.0,
    0.0,
    0.0,
    0.0,
    0.0,
    0.0,
    0.0
  ],
  "coverage": [
    0.06364106386899948,
    0.12728212773799896,
    0.19092319905757904,
    0.2466488927602768,
    0.3014200031757355,
    0.3557933270931244,
    0.38558530807495117,
    0.4096097946166992,
    0.42941808700561523,
    0.445765882730484,
    0.4546756148338318,
    0.46338650584220886,
    0.4753589630126953,
    0.47881945967674255,
    0.48327434062957764,
    0.48753032088279724,
    0.49230340123176575,
    0.5043951869010925,
    0.5150948762893677,
    0.5281015038490295,
    0.5417843461036682,
    0.5525635480880737,
    0.5588083267211914,
    0.570979654788971,
    0.5760312080383301,
    0.5794519186019897,
    0.5828725695610046,
    0.5915834903717041,
    0.5991806387901306,
    0.6114712953567505,
    0.6254723072052002
  ],
  "balance_std": [
    0.0,
    0.0,
    0.0,
    0.17625759541988373,
    0.22933241724967957,
    0.26052045822143555,
    0.3899645209312439,
    0.4807768762111664,
    0.5412905812263489,
    0.6454949378967285,
    0.7683456540107727,
    0.8605728149414062,
    0.9575441479682922,
    1.0949997901916504,
    1.2049297094345093,
    1.3081693649291992,
    1.4466545581817627,
    1.534562587738037,
    1.6132869720458984,
    1.6910817623138428,
    1.7618951797485352,
    1.843707799911499,
    1.9430961608886719,
    1.9901701211929321,
    2.079857587814331,
    2.1990926265716553,
    2.313697338104248,
    2.363696813583374,
    2.420386552810669,
    2.461449384689331,
    2.500916004180908
  ],
  "unique_ratio": [
    1.0,
    1.0,
    1.0,
    0.9775,
    1.0,
    1.0,
    0.94625,
    1.0,
    1.0,
    0.94125,
    1.0,
    1.0,
    0.945625,
    1.0,
    1.0,
    0.958125,
    1.0,
    1.0,
    0.981875,
    1.0,
    1.0,
    1.0,
    0.989375,
    1.0,
    1.0,
    0.963125,
    1.0,
    1.0,
    0.951875,
    1.0,
    1.0
  ],
  "easy_ratio": [
    0.913125,
    0.9340625,
    0.8297916666666667,
    0.6521875,
    0.55975,
    0.489375,
    0.435625,
    0.41796875,
    0.38479166666666664,
    0.366125,
    0.3431818181818182,
    0.32557291666666666,
    0.32067307692307695,
    0.3021875,
    0.28491666666666665,
    0.2712109375,
    0.26595588235294115,
    0.2730208333333333,
    0.280296052631579,
    0.29471875,
    0.30714285714285716,
    0.313125,
    0.3184782608695652,
    0.335,
    0.33435,
    0.3250240384615385,
    0.3211111111111111,
    0.3344642857142857,
    0.34629310344827585,
    0.3605,
    0.37338709677419357
  ],
  "hard_ratio": [
    0.086875,
    0.0659375,
    0.17020833333333332,
    0.3478125,
    0.44025,
    0.510625,
    0.564375,
    0.58203125,
    0.6152083333333334,
    0.633875,
    0.6568181818181819,
    0.6744270833333333,
    0.6793269230769231,
    0.6978125,
    0.7150833333333333,
    0.7287890625,
    0.7340441176470588,
    0.7269791666666666,
    0.719703947368421,
    0.70528125,
    0.6928571428571428,
    0.686875,
    0.6815217391304348,
    0.665,
    0.66565,
    0.6749759615384615,
    0.6788888888888889,
    0.6655357142857142,
    0.6537068965517241,
    0.6395,
    0.6266129032258064
  ],
  "val_loss": [
    19.003080746189493,
    12.04435605592415,
    10.217069358122153,
    9.545158871861755,
    9.152810569180817,
    9.037510405309865,
    8.954137365837566,
    8.771315211643937,
    8.77991113750661,
    8.79429444279827
  ],
  "val_ppl": [
    179033007.48972535,
    170136.45251492554,
    27366.34788379466,
    13976.86681906873,
    9440.93753334206,
    8412.806484372553,
    7739.8482917111605,
    6446.645594512471,
    6502.299337141412,
    6596.4997260766395
  ]
}