{"epoch": [0.0], "step": [12.0], "val_loss": [60.80747263157954], "val_ppl": [2.560647647331224e+26]}