{"epoch": [0.0], "step": [12.0], "val_loss": [65.71200717081788], "val_ppl": [3.454316356883357e+28]}