{"epoch": [0.0], "step": [12.0], "val_loss": [58.124900364484944], "val_ppl": [1.7511505685373073e+25]}