{"epoch": [0.0], "step": [12.0], "val_loss": [61.27905022511717], "val_ppl": [4.103489902055406e+26]}