{"epoch": [0.0], "step": [12.0], "val_loss": [62.535033796654375], "val_ppl": [1.4408544213916816e+27]}