{"epoch": [0.0], "step": [12.0], "val_loss": [64.91110472600968], "val_ppl": [1.550724315613917e+28]}