{"epoch": [0.0], "step": [12.0], "val_loss": [61.383530139923096], "val_ppl": [4.555419951029699e+26]}