{"epoch": [0.0], "step": [12.0], "val_loss": [67.02944601950098], "val_ppl": [1.2897885918720113e+29]}