{"epoch": [0.0, 0.0, 0.0, 0.0, 1.0, 1.0, 1.0, 1.0, 2.0, 2.0, 2.0, 2.0, 3.0, 3.0, 3.0, 3.0, 4.0, 4.0, 4.0, 4.0, 5.0, 5.0, 5.0, 5.0, 6.0, 6.0, 6.0, 6.0, 6.0, 7.0, 7.0, 7.0, 7.0, 8.0, 8.0, 8.0, 8.0, 9.0, 9.0, 9.0, 9.0], "step": [100.0, 200.0, 300.0, 315.0, 400.0, 500.0, 600.0, 630.0, 700.0, 800.0, 900.0, 945.0, 1000.0, 1100.0, 1200.0, 1260.0, 1300.0, 1400.0, 1500.0, 1575.0, 1600.0, 1700.0, 1800.0, 1890.0, 1900.0, 2000.0, 2100.0, 2200.0, 2205.0, 2300.0, 2400.0, 2500.0, 2520.0, 2600.0, 2700.0, 2800.0, 2835.0, 2900.0, 3000.0, 3100.0, 3150.0], "loss_lm": [21.965354919433594, 16.76414680480957, 15.998981475830078, 14.012039184570312, 12.564411163330078, 10.85997200012207, 7.246604919433594, 10.16317081451416, 8.956055641174316, 8.998743057250977, 9.027083396911621, 8.576546669006348, 7.696549892425537, 5.71485710144043, 8.1918363571167, 6.219846725463867, 5.893289566040039, 7.921102046966553, 5.0782036781311035, 8.067724227905273, 8.09084701538086, 7.878007411956787, 5.777003288269043, 7.305343151092529, 7.758262634277344, 7.161685466766357, 7.417940139770508, 5.953324317932129, 4.729484558105469, 7.134505271911621, 5.881776809692383], "loss_router": [-0.020583532750606537, -0.021771330386400223, -0.021389231085777283, -0.02151956595480442, -0.02394942007958889, -0.01844055764377117, -0.015441501513123512, -0.022606616839766502, -0.07108594477176666, -0.2694419324398041, -0.09244540333747864, -0.03947336971759796, -0.016465310007333755, -0.02893809974193573, -0.05335579439997673, 0.0034180469810962677, -0.012863945215940475, -0.04000238701701164, -0.020951781421899796, -0.01066672895103693, -0.1835564821958542, -0.266588419675827, -0.045877162367105484, -0.01602734997868538, 0.018732061609625816, -0.024555204436182976, -0.025626840069890022, -0.25518232583999634, 0.025057848542928696, -0.14433369040489197, -0.04123592749238014], "reinforce": [0.0013153329491615295, 0.00013440102338790894, 0.0005069496110081673, 0.0003711208701133728, -0.0020740218460559845, 0.0031532272696495056, 0.005632072687149048, -0.002582952380180359, -0.056369371712207794, -0.26182591915130615, -0.08238214999437332, -0.025996439158916473, 0.0034906603395938873, -0.009614200331270695, -0.04299597442150116, 0.020785139873623848, 0.007375892251729965, -0.032131750136613846, -0.005180655978620052, 0.0007663927972316742, -0.1835564821958542, -0.2645169496536255, -0.0445951446890831, -0.009189091622829437, 0.02105073258280754, -0.02455422282218933, -0.025624986737966537, -0.2551760673522949, 0.029384003952145576, -0.14433369040489197, -0.041235923767089844], "entropy": [4.379773139953613, 4.381146430969238, 4.379236221313477, 4.378137588500977, 4.37507963180542, 4.318757057189941, 4.214715003967285, 4.004733085632324, 2.943315029144287, 1.523202657699585, 2.012650489807129, 2.6953859329223633, 3.991194009780884, 3.8647799491882324, 2.0719637870788574, 3.473418712615967, 4.047967433929443, 1.574127197265625, 3.1542253494262695, 2.2866244316101074, 3.5413703219910886e-11, 0.41429558396339417, 0.2564033567905426, 1.3676518201828003, 0.4637342393398285, 0.00019639746460597962, 0.0003706500574480742, 0.001250453176908195, 0.8652310967445374, 4.78195033792872e-07, 5.45489740488847e-07], "avg_improvement": [0.1758861541748047, 0.08272546529769897, 0.10705441236495972, 0.16524583101272583, 0.11322146654129028, 0.0680951476097107, 0.0973549485206604, 0.12278574705123901, 0.0832529067993164, 0.13515245914459229, 0.08909344673156738, 0.0821169912815094, 0.04491177201271057, 0.04338252544403076, 0.05737009644508362, 0.07162564992904663, 0.0628596842288971, 0.05374234914779663, 0.06139901280403137, 0.04174187779426575, 0.03705829381942749, 0.039586663246154785, 0.041199639439582825, 0.04420590400695801, 0.06240937113761902, 0.04928341507911682, 0.04642710089683533, 0.037474751472473145, 0.052582621574401855, 0.040917396545410156, 0.05344510078430176], "curriculum_strength": [0.9681528662420382, 0.9363057324840764, 0.9044585987261147, 0.8726114649681529, 0.8407643312101911, 0.8089171974522293, 0.7770700636942676, 0.7452229299363058, 0.713375796178344, 0.6815286624203822, 0.6496815286624205, 0.6178343949044586, 0.5859872611464968, 0.554140127388535, 0.5222929936305732, 0.49044585987261147, 0.4585987261146497, 0.4267515923566879, 0.39490445859872614, 0.36305732484076436, 0.3312101910828026, 0.2993630573248408, 0.26751592356687903, 0.23566878980891715, 0.20382165605095537, 0.1719745222929936, 0.14012738853503182, 0.10828025477707004, 0.07643312101910826, 0.04458598726114649, 0.01273885350318471], "coverage": [0.06364106439680203, 0.12728212879360407, 0.1909231931904061, 0.2435463983135118, 0.2933853068692574, 0.34473569070442706, 0.3802951354361402, 0.4131498349309892, 0.44027683863012607, 0.45917027962292667, 0.4722962491547671, 0.49325802474046376, 0.5102422338013604, 0.5211009904140647, 0.5438128952706734, 0.5537965872479217, 0.562229028280498, 0.5697466290123703, 0.5847818304761148, 0.5905095262718268, 0.594487092796627, 0.5990215186348992, 0.6051071954178434, 0.6142953740901317, 0.6170796706574917, 0.6229266934489479, 0.626745157312756, 0.6335467960701643, 0.6450817389920847, 0.6532357503679249, 0.6607931267650451], "balance_std": [0.0, 0.0, 0.0, 0.20782846212387085, 0.27828359603881836, 0.3099374771118164, 0.40497294068336487, 0.4718346893787384, 0.5289180278778076, 0.6230984926223755, 0.7289087176322937, 0.7827140688896179, 0.8506209254264832, 0.9560462236404419, 1.003581166267395, 1.094595193862915, 1.1943447589874268, 1.285115122795105, 1.3326606750488281, 1.4412747621536255, 1.546160101890564, 1.6322290897369385, 1.7315648794174194, 1.8111811876296997, 1.9102146625518799, 2.0028514862060547, 2.1038169860839844, 2.177215337753296, 2.227818012237549, 2.298560380935669, 2.3729190826416016], "unique_ratio": [1.0, 1.0, 1.0, 0.9725, 1.0, 1.0, 0.961875, 1.0, 1.0, 0.94, 1.0, 1.0, 0.956875, 1.0, 1.0, 0.96, 1.0, 1.0, 0.981875, 1.0, 1.0, 1.0, 0.989375, 1.0, 1.0, 0.965, 1.0, 1.0, 0.9425, 1.0, 1.0], "easy_ratio": [0.90875, 0.9271875, 0.7410416666666667, 0.58890625, 0.4945, 0.4725, 0.44285714285714284, 0.442890625, 0.4245833333333333, 0.4109375, 0.3880681818181818, 0.39734375, 0.4026923076923077, 0.39870535714285715, 0.416875, 0.40703125, 0.40316176470588233, 0.39774305555555556, 0.40983552631578946, 0.402125, 0.38476190476190475, 0.36875, 0.3642663043478261, 0.36796875, 0.355475, 0.35533653846153845, 0.35229166666666667, 0.35671875, 0.36758620689655175, 0.37264583333333334, 0.37514112903225805], "hard_ratio": [0.09125, 0.0728125, 0.25895833333333335, 0.41109375, 0.5055, 0.5275, 0.5571428571428572, 0.557109375, 0.5754166666666667, 0.5890625, 0.6119318181818182, 0.60265625, 0.5973076923076923, 0.6012946428571428, 0.583125, 0.59296875, 0.5968382352941176, 0.6022569444444444, 0.5901644736842105, 0.597875, 0.6152380952380953, 0.63125, 0.6357336956521739, 0.63203125, 0.644525, 0.6446634615384615, 0.6477083333333333, 0.64328125, 0.6324137931034483, 0.6273541666666667, 0.624858870967742], "val_loss": [17.127462605961032, 11.323832990693264, 10.116044120710404, 9.622573315120134, 9.309046854738328, 9.277826537851427, 8.919290972049119, 8.791931640906412, 8.86829252858631, 8.870757545115518], "val_ppl": [27438634.760580104, 82770.99612753416, 24736.721542903455, 15101.861828760713, 11037.422846225381, 10698.15459534996, 7474.787517102037, 6580.931903127698, 7103.142200560504, 7120.673161671707]}