{"epoch": [0.0, 0.0, 0.0, 0.0, 1.0, 1.0, 1.0, 1.0, 2.0, 2.0, 2.0, 2.0, 3.0, 3.0, 3.0, 3.0, 4.0, 4.0, 4.0, 4.0, 5.0, 5.0, 5.0, 5.0, 6.0, 6.0, 6.0, 6.0, 6.0, 7.0, 7.0, 7.0, 7.0, 8.0, 8.0, 8.0, 8.0, 9.0, 9.0, 9.0, 9.0], "step": [100.0, 200.0, 300.0, 315.0, 400.0, 500.0, 600.0, 630.0, 700.0, 800.0, 900.0, 945.0, 1000.0, 1100.0, 1200.0, 1260.0, 1300.0, 1400.0, 1500.0, 1575.0, 1600.0, 1700.0, 1800.0, 1890.0, 1900.0, 2000.0, 2100.0, 2200.0, 2205.0, 2300.0, 2400.0, 2500.0, 2520.0, 2600.0, 2700.0, 2800.0, 2835.0, 2900.0, 3000.0, 3100.0, 3150.0], "loss_lm": [25.627727508544922, 19.152408599853516, 12.634045600891113, 10.051335334777832, 10.897726058959961, 9.175775527954102, 7.450654983520508, 7.054293632507324, 7.604971885681152, 7.063328742980957, 7.631502151489258, 7.114294528961182, 6.219972610473633, 6.223788738250732, 6.18434476852417, 7.378359317779541, 5.7575788497924805, 5.405246734619141, 5.647046089172363, 6.347269535064697, 5.36356258392334, 6.644295692443848, 4.942164897918701, 5.615237236022949, 5.578680992126465, 6.229259490966797, 5.304882049560547, 5.201695442199707, 5.580201148986816, 5.3435564041137695, 4.555286884307861], "loss_router": [0.0, 0.0, 0.0, 0.0, 0.0, 0.0, 0.0, 0.0, 0.0, 0.0, 0.0, 0.0, 0.0, 0.0, 0.0, 0.0, 0.0, 0.0, 0.0, 0.0, 0.0, 0.0, 0.0, 0.0, 0.0, 0.0, 0.0, 0.0, 0.0, 0.0, 0.0], "reinforce": [-0.0012516453862190247, 0.018476760014891624, 0.022376589477062225, -0.006621766835451126, -0.016803868114948273, 0.007709195837378502, 0.0024395696818828583, 0.0005839783698320389, 0.000962243415415287, 0.004388460889458656, 0.0013714311644434929, -0.004744162783026695, 0.0009809453040361404, -0.0027051465585827827, 0.0021481774747371674, -0.0007590409368276596, 0.004298025742173195, -0.0016162833198904991, -0.012642811983823776, -0.007761236280202866, 0.002611887641251087, 0.009477575309574604, 0.006662813946604729, -0.0009513851255178452, -0.004205457866191864, 0.0017577530816197395, 0.007283281534910202, 0.002545345574617386, 0.003827686421573162, 0.008225607685744762, -0.0078507661819458], "entropy": [3.821613073348999, 3.9894814491271973, 3.9886345863342285, 3.850353717803955, 3.9262094497680664, 3.7978858947753906, 3.984447479248047, 4.015236854553223, 4.029394149780273, 3.9483838081359863, 4.0524373054504395, 3.9544215202331543, 4.03865909576416, 4.047946929931641, 4.020761966705322, 3.713087797164917, 4.0056681632995605, 3.696244955062866, 3.8252010345458984, 3.768873453140259, 3.8525683879852295, 3.967838764190674, 3.883643388748169, 3.9925928115844727, 3.9594621658325195, 3.7914810180664062, 3.963860034942627, 3.842665910720825, 3.8544557094573975, 3.5997376441955566, 3.7751193046569824], "avg_improvement": [0.1324528455734253, 0.11144119501113892, 0.1328839659690857, 0.06358510255813599, 0.07802581787109375, 0.07792070508003235, 0.08386579155921936, 0.047535330057144165, 0.06640279293060303, 0.07577210664749146, 0.09178128838539124, 0.05590927600860596, 0.03462699055671692, 0.05227509140968323, 0.027456820011138916, 0.06477764248847961, 0.025739848613739014, 0.05308997631072998, 0.0382843017578125, 0.059291720390319824, 0.03653603792190552, 0.051192283630371094, 0.04954880475997925, 0.028473973274230957, 0.037799715995788574, 0.044222116470336914, 0.04614688456058502, 0.03390863537788391, 0.025082290172576904, 0.029026761651039124, 0.030352681875228882], "curriculum_strength": [0.9681528662420382, 0.9363057324840764, 0.9044585987261147, 0.8726114649681529, 0.8407643312101911, 0.8089171974522293, 0.7770700636942676, 0.7452229299363058, 0.713375796178344, 0.6815286624203822, 0.6496815286624205, 0.6178343949044586, 0.5859872611464968, 0.554140127388535, 0.5222929936305732, 0.49044585987261147, 0.4585987261146497, 0.4267515923566879, 0.39490445859872614, 0.36305732484076436, 0.3312101910828026, 0.2993630573248408, 0.26751592356687903, 0.23566878980891715, 0.20382165605095537, 0.1719745222929936, 0.14012738853503182, 0.10828025477707004, 0.07643312101910826, 0.04458598726114649, 0.01273885350318471], "coverage": [0.06364106439680203, 0.12728212879360407, 0.1909231931904061, 0.2439839306312398, 0.2950956604749214, 0.34529255001789905, 0.38980151943041247, 0.4311284356230858, 0.47130185752356707, 0.5074977128992483, 0.5415059066862893, 0.5733264388846904, 0.6026411041724673, 0.6291714728928841, 0.654190366333877, 0.6785330734656537, 0.7000119326995744, 0.7204566246370471, 0.7404637842567917, 0.7573684419871922, 0.7740742213913527, 0.7907402251302653, 0.8043037269798338, 0.8167137345372102, 0.8296806014080585, 0.841692852312955, 0.8527107115866512, 0.8634899168688597, 0.8732747305198679, 0.8823038065311642, 0.8909351258899805], "balance_std": [0.0, 0.0, 0.0, 0.20367705821990967, 0.26866263151168823, 0.3076626658439636, 0.36561381816864014, 0.4109191596508026, 0.4466460645198822, 0.48745784163475037, 0.5283884406089783, 0.5626347064971924, 0.5969356894493103, 0.6345499753952026, 0.6649607419967651, 0.6986517906188965, 0.7339102029800415, 0.7645413875579834, 0.7903547286987305, 0.8252396583557129, 0.8541616797447205, 0.8764767646789551, 0.9058884978294373, 0.9331068992614746, 0.956869900226593, 0.9845305681228638, 1.0136466026306152, 1.0368409156799316, 1.0640521049499512, 1.086884617805481, 1.1092097759246826], "unique_ratio": [1.0, 1.0, 1.0, 0.99625, 1.0, 1.0, 0.98625, 1.0, 1.0, 0.984375, 1.0, 1.0, 0.98875, 1.0, 1.0, 0.98875, 1.0, 1.0, 0.995, 1.0, 1.0, 1.0, 0.9975, 1.0, 1.0, 0.990625, 1.0, 1.0, 0.983125, 1.0, 1.0], "easy_ratio": [0.693125, 0.701875, 0.7027083333333334, 0.6959375, 0.697875, 0.7003125, 0.699375, 0.699609375, 0.7031944444444445, 0.702625, 0.701875, 0.7015625, 0.7017788461538461, 0.7001339285714285, 0.6999583333333333, 0.69921875, 0.6991911764705883, 0.6989236111111111, 0.6992105263157895, 0.6983125, 0.698422619047619, 0.6984090909090909, 0.6984782608695652, 0.6993229166666667, 0.699025, 0.6993990384615385, 0.6997222222222222, 0.7006696428571428, 0.7006465517241379, 0.70025, 0.7001209677419354], "hard_ratio": [0.306875, 0.298125, 0.2972916666666667, 0.3040625, 0.302125, 0.2996875, 0.300625, 0.300390625, 0.29680555555555554, 0.297375, 0.298125, 0.2984375, 0.29822115384615383, 0.2998660714285714, 0.30004166666666665, 0.30078125, 0.30080882352941174, 0.3010763888888889, 0.30078947368421055, 0.3016875, 0.30157738095238096, 0.3015909090909091, 0.3015217391304348, 0.3006770833333333, 0.300975, 0.30060096153846155, 0.30027777777777775, 0.29933035714285716, 0.2993534482758621, 0.29975, 0.2998790322580645], "val_loss": [19.48719177871454, 13.87540310132699, 11.97415720439348, 10.728739659317204, 10.193600599883032, 9.799697793409473, 9.630661851558528, 9.309858635800783, 9.21763309005831, 9.026616458032953], "val_ppl": [290522556.59082174, 1061722.4512909784, 158602.63535289513, 45649.12230931278, 26731.571522944356, 18028.295834676846, 15224.50913839004, 11046.38645482186, 10073.193747110005, 8321.65521411688]}