{"epoch": [0.0, 0.0, 0.0, 0.0, 1.0, 1.0, 1.0, 1.0, 2.0, 2.0, 2.0, 2.0, 3.0, 3.0, 3.0, 3.0, 4.0, 4.0, 4.0, 4.0, 5.0, 5.0, 5.0, 5.0, 6.0, 6.0, 6.0, 6.0, 6.0, 7.0, 7.0, 7.0, 7.0, 8.0, 8.0, 8.0, 8.0, 9.0, 9.0, 9.0, 9.0], "step": [100.0, 200.0, 300.0, 315.0, 400.0, 500.0, 600.0, 630.0, 700.0, 800.0, 900.0, 945.0, 1000.0, 1100.0, 1200.0, 1260.0, 1300.0, 1400.0, 1500.0, 1575.0, 1600.0, 1700.0, 1800.0, 1890.0, 1900.0, 2000.0, 2100.0, 2200.0, 2205.0, 2300.0, 2400.0, 2500.0, 2520.0, 2600.0, 2700.0, 2800.0, 2835.0, 2900.0, 3000.0, 3100.0, 3150.0], "loss_lm": [23.516212463378906, 16.826581954956055, 16.1754093170166, 13.328327178955078, 13.26466178894043, 10.871488571166992, 10.31313419342041, 9.906305313110352, 9.754995346069336, 9.010581970214844, 8.835046768188477, 8.695816040039062, 7.210150718688965, 8.2747802734375, 7.380705833435059, 7.629396438598633, 7.212527275085449, 7.959996223449707, 6.86393928527832, 7.033629417419434, 7.223355293273926, 7.169460296630859, 6.0094218254089355, 6.9103803634643555, 6.931733131408691, 6.798412322998047, 6.186132431030273, 6.009605407714844, 5.352063179016113, 5.25417423248291, 5.972538948059082], "loss_router": [-0.02186540886759758, -0.02158689685165882, -0.021862108260393143, -0.021832987666130066, -0.02253817953169346, -0.022275829687714577, -0.022118542343378067, -0.021776961162686348, -0.02473846822977066, -0.033058956265449524, -0.028010215610265732, -0.02247791737318039, -0.021826619282364845, -0.020975051447749138, -0.033005960285663605, -0.02092316374182701, -0.02230192720890045, -0.024606304243206978, -0.023816602304577827, -0.02188321389257908, -0.04469890147447586, -0.02215556427836418, -0.025666750967502594, -0.021480752155184746, -0.021026667207479477, -0.023258104920387268, -0.020733090117573738, -0.03611934930086136, -0.025023987516760826, -0.026956195011734962, -0.020166855305433273], "reinforce": [4.3351203203201294e-05, 0.00032208114862442017, 4.6350061893463135e-05, 7.379613816738129e-05, -0.0006324723362922668, -0.00036869943141937256, -0.00021369755268096924, 0.00012728199362754822, -0.002843238413333893, -0.011162236332893372, -0.006128460168838501, -0.0006102807819843292, 6.81467354297638e-05, 0.0008867494761943817, -0.011145394295454025, 0.0009029293432831764, -0.0005088159814476967, -0.002913905307650566, -0.001994520425796509, -0.0001119319349527359, -0.023892728611826897, -0.0006359610706567764, -0.004142667166888714, 7.106224074959755e-05, 0.0006147678941488266, -0.0015881257131695747, 0.0009306203573942184, -0.015091881155967712, -0.0033889785408973694, -0.005596553441137075, 0.0004534563049674034], "entropy": [4.381752014160156, 4.381795883178711, 4.381691932678223, 4.381356716156006, 4.381141662597656, 4.3814263343811035, 4.380969047546387, 4.3808488845825195, 4.3790459632873535, 4.3793439865112305, 4.376351356506348, 4.373527526855469, 4.378953456878662, 4.3723602294921875, 4.372113227844238, 4.365218639373779, 4.3586225509643555, 4.338479995727539, 4.364416599273682, 4.354256629943848, 4.1612348556518555, 4.303920745849609, 4.304816722869873, 4.310362815856934, 4.328287124633789, 4.333995819091797, 4.332742214202881, 4.205493927001953, 4.327002048492432, 4.271928310394287, 4.124062538146973], "avg_improvement": [0.1951843500137329, 0.23201793432235718, 0.1844717264175415, 0.00942772626876831, 0.10014992952346802, 0.09368526935577393, 0.06877791881561279, 0.05279010534286499, 0.10364055633544922, 0.14532485604286194, 0.07647520303726196, 0.02913680672645569, 0.03371208906173706, 0.04787054657936096, 0.06768718361854553, 0.05361735820770264, 0.021005570888519287, 0.06529209017753601, 0.0411604642868042, 0.022467225790023804, 0.048549264669418335, 0.03732052445411682, 0.03412503004074097, 0.03290760517120361, 0.032661616802215576, 0.03513780236244202, 0.04104718565940857, 0.054661959409713745, 0.031015515327453613, 0.042142465710639954, 0.027268633246421814], "curriculum_strength": [0.9681528662420382, 0.9363057324840764, 0.9044585987261147, 0.8726114649681529, 0.8407643312101911, 0.8089171974522293, 0.7770700636942676, 0.7452229299363058, 0.713375796178344, 0.6815286624203822, 0.6496815286624205, 0.6178343949044586, 0.5859872611464968, 0.554140127388535, 0.5222929936305732, 0.49044585987261147, 0.4585987261146497, 0.4267515923566879, 0.39490445859872614, 0.36305732484076436, 0.3312101910828026, 0.2993630573248408, 0.26751592356687903, 0.23566878980891715, 0.20382165605095537, 0.1719745222929936, 0.14012738853503182, 0.10828025477707004, 0.07643312101910826, 0.04458598726114649, 0.01273885350318471], "coverage": [0.06364106439680203, 0.12728212879360407, 0.1909231931904061, 0.24283043633904777, 0.2937830635217374, 0.344298158386699, 0.37397080466170796, 0.3946143749254206, 0.41680919613380535, 0.4316455192713098, 0.4436577701762062, 0.45173223022155046, 0.4659321427150869, 0.47571695636609523, 0.4839505190724315, 0.49492860268087985, 0.49918459886241595, 0.5022075494212641, 0.5088898611829283, 0.5217771767232807, 0.5271071158665128, 0.5394773477586413, 0.5451254922238574, 0.5521260093075057, 0.5593651803826419, 0.5686329103854262, 0.5776222107314745, 0.5888389483314108, 0.595720138419315, 0.6037150471341634, 0.6129827771369476], "balance_std": [0.0, 0.0, 0.0, 0.21444375813007355, 0.276078999042511, 0.3117111027240753, 0.42947134375572205, 0.5239487290382385, 0.5787413120269775, 0.6787734031677246, 0.7881585359573364, 0.8750765323638916, 0.9445265531539917, 1.0657649040222168, 1.1639227867126465, 1.252531886100769, 1.3842772245407104, 1.499326229095459, 1.5902366638183594, 1.6830618381500244, 1.7914663553237915, 1.862515926361084, 1.9693089723587036, 2.066074848175049, 2.152446985244751, 2.2260029315948486, 2.3042683601379395, 2.3646819591522217, 2.437643527984619, 2.4980075359344482, 2.557157516479492], "unique_ratio": [1.0, 1.0, 1.0, 0.97625, 1.0, 1.0, 0.95625, 1.0, 1.0, 0.934375, 1.0, 1.0, 0.958125, 1.0, 1.0, 0.955625, 1.0, 1.0, 0.970625, 1.0, 1.0, 1.0, 0.99, 1.0, 1.0, 0.963125, 1.0, 1.0, 0.941875, 1.0, 1.0], "easy_ratio": [0.7775, 0.8196875, 0.75125, 0.61921875, 0.514125, 0.44177083333333333, 0.38919642857142855, 0.354453125, 0.3229166666666667, 0.30175, 0.2917613636363636, 0.27520833333333333, 0.27639423076923075, 0.271875, 0.26666666666666666, 0.2690625, 0.26283088235294116, 0.2535763888888889, 0.25282894736842104, 0.26346875, 0.2624107142857143, 0.2705681818181818, 0.2748369565217391, 0.278828125, 0.2824, 0.2936298076923077, 0.3022222222222222, 0.3127232142857143, 0.3224784482758621, 0.33339583333333334, 0.34241935483870967], "hard_ratio": [0.2225, 0.1803125, 0.24875, 0.38078125, 0.485875, 0.5582291666666667, 0.6108035714285714, 0.645546875, 0.6770833333333334, 0.69825, 0.7082386363636364, 0.7247916666666666, 0.7236057692307692, 0.728125, 0.7333333333333333, 0.7309375, 0.7371691176470588, 0.7464236111111111, 0.7471710526315789, 0.73653125, 0.7375892857142857, 0.7294318181818182, 0.7251630434782609, 0.721171875, 0.7176, 0.7063701923076923, 0.6977777777777778, 0.6872767857142857, 0.677521551724138, 0.6666041666666667, 0.6575806451612903], "val_loss": [18.272985355775866, 11.610292960385808, 9.916056803015412, 9.346950733270802, 9.083237263022877, 8.900428436330108, 8.90279312749378, 8.774292295584914, 8.788674037476055, 8.77398969404033], "val_ppl": [86269386.16724601, 110226.53766707487, 20252.971510234944, 11463.813869287707, 8806.42865751614, 7335.115496007727, 7352.481303098816, 6465.866396359107, 6559.528717258485, 6463.910111202875]}