{"epoch": [0.0, 0.0, 0.0, 1.0, 1.0, 1.0, 1.0, 2.0, 2.0, 2.0, 3.0, 3.0, 3.0, 3.0, 4.0, 4.0, 4.0], "step": [100.0, 200.0, 250.0, 300.0, 400.0, 500.0, 500.0, 600.0, 700.0, 750.0, 800.0, 900.0, 1000.0, 1000.0, 1100.0, 1200.0, 1250.0], "loss_lm": [29.08990478515625, 21.777690887451172, 15.854230880737305, 13.914640426635742, 11.885963439941406, 9.421170234680176, 9.182040214538574, 8.209697723388672, 9.59414291381836, 8.875936508178711, 7.0240983963012695, 6.5185418128967285], "entropy": [2.772588722239781, 2.772588722239781, 2.772588722239781, 2.772588722239781, 2.772588722239781, 2.772588722239781, 2.772588722239781, 2.772588722239781, 2.772588722239781, 2.772588722239781, 2.772588722239781, 2.772588722239781], "coverage": [0.08, 0.16, 0.2321, 0.29625, 0.3601, 0.4114, 0.4628, 0.5096, 0.5496, 0.58905, 0.6215, 0.65465], "balance_std": [0.0, 0.0, 0.18132437765598297, 0.2715543210506439, 0.31388747692108154, 0.39553016424179077, 0.442173570394516, 0.4883500337600708, 0.5413548350334167, 0.5808019638061523, 0.631414532661438, 0.6685763597488403], "unique_ratio": [1.0, 1.0, 0.979375, 1.0, 1.0, 1.0, 1.0, 0.979375, 1.0, 1.0, 1.0, 1.0], "easy_ratio": [0.713125, 0.7028125, 0.69625, 0.6975, 0.695375, 0.6969791666666667, 0.6965178571428572, 0.699140625, 0.699375, 0.6986875, 0.6988636363636364, 0.6988020833333334], "hard_ratio": [0.286875, 0.2971875, 0.30375, 0.3025, 0.304625, 0.30302083333333335, 0.30348214285714287, 0.300859375, 0.300625, 0.3013125, 0.30113636363636365, 0.3011979166666667], "val_loss": [24.3995498418808, 17.499602574794018, 14.797556149177863, 12.886755947206842, 12.215233912233446], "val_ppl": [39499341660.06506, 39808960.169115745, 2669912.2086431705, 395045.38942046295, 201840.6719100297]}