{"epoch": [0.0, 0.0, 0.0, 0.0, 1.0, 1.0, 1.0, 1.0, 2.0, 2.0, 2.0, 2.0, 3.0, 3.0, 3.0, 3.0, 4.0, 4.0, 4.0, 4.0, 5.0, 5.0, 5.0, 5.0, 6.0, 6.0, 6.0, 6.0, 6.0, 7.0, 7.0, 7.0, 7.0, 8.0, 8.0, 8.0, 8.0, 9.0, 9.0, 9.0, 9.0], "step": [100.0, 200.0, 300.0, 315.0, 400.0, 500.0, 600.0, 630.0, 700.0, 800.0, 900.0, 945.0, 1000.0, 1100.0, 1200.0, 1260.0, 1300.0, 1400.0, 1500.0, 1575.0, 1600.0, 1700.0, 1800.0, 1890.0, 1900.0, 2000.0, 2100.0, 2200.0, 2205.0, 2300.0, 2400.0, 2500.0, 2520.0, 2600.0, 2700.0, 2800.0, 2835.0, 2900.0, 3000.0, 3100.0, 3150.0], "loss_lm": [26.25338363647461, 18.106765747070312, 11.957691192626953, 11.904805183410645, 11.208523750305176, 8.219688415527344, 8.030202865600586, 8.56743049621582, 6.759491920471191, 6.070619583129883, 6.484877586364746, 6.215516090393066, 7.1761016845703125, 6.763201713562012, 6.110288619995117, 6.023595809936523, 6.019935607910156, 5.716760635375977, 5.722695350646973, 5.525283336639404, 5.530630111694336, 5.779513835906982, 5.302037239074707, 5.430207252502441, 6.078912734985352, 6.048880100250244, 5.732901573181152, 5.770075798034668, 5.766278266906738, 4.711727142333984, 5.911760330200195], "loss_router": [-0.07313978672027588, 0.05567975342273712, 0.18821844458580017, 0.14015448093414307, 0.227827787399292, 0.10259261727333069, 0.23165102303028107, -0.0883987545967102, 0.03899034112691879, 0.14538562297821045, -0.09215917438268661, 0.08229096233844757, 0.05016714334487915, -0.05937357246875763, 0.07311832904815674, -0.15988489985466003, 0.05994980037212372, -0.09663239121437073, 0.0129813551902771, 0.08140096068382263, 0.07559235394001007, 0.03759750723838806, 0.07323058694601059, 0.10611474514007568, 0.1374862641096115, 0.01846146583557129, -0.10864251852035522, -0.05534344166517258, 0.08576065301895142, 0.03178129717707634, 0.04622626304626465], "reinforce": [-0.07313978672027588, 0.05567975342273712, 0.18821844458580017, 0.14015448093414307, 0.227827787399292, 0.10259261727333069, 0.23218709230422974, -0.0883987545967102, 0.03899955004453659, 0.14538562297821045, -0.09205104410648346, 0.08229096233844757, 0.05016714334487915, -0.05937357246875763, 0.07311832904815674, -0.15860749781131744, 0.05994980037212372, -0.09663239121437073, 0.0129813551902771, 0.08140096068382263, 0.07559235394001007, 0.03759750723838806, 0.07323058694601059, 0.10611474514007568, 0.13748665153980255, 0.01846146583557129, -0.10864251852035522, -0.05534319579601288, 0.08576065301895142, 0.03178129717707634, 0.04622626304626465], "entropy": [1.3571259488220681e-17, 2.1789028455496414e-25, 7.96702076596003e-21, 6.904906478877034e-31, 1.7476824183253078e-16, 1.710597436540163e-14, 0.1072145402431488, 3.623478321768645e-18, 0.0018414882943034172, 3.4441615071045817e-07, 0.021625882014632225, 5.434822513902815e-13, 1.6750291431666398e-10, 3.044841219895354e-23, 2.4568126377744193e-07, 0.25547897815704346, 8.54043344291483e-13, 4.7943801450655e-39, 3.5492399032824653e-26, 2.373409610694419e-30, 4.678071488127197e-15, 6.883721399952051e-28, 8.011460418677618e-13, 4.650590986461189e-16, 7.757266575936228e-05, 3.3586740262478098e-18, 6.564804156752041e-27, 4.885674570687115e-05, -0.0, 3.3659703279371986e-19, 6.694813948617613e-16], "avg_improvement": [0.13377606868743896, 0.032241880893707275, 0.1089896559715271, 0.08115777373313904, 0.1319257915019989, 0.05940723419189453, 0.05641123652458191, 0.12551629543304443, 0.030844926834106445, 0.06940659880638123, 0.04501768946647644, 0.04765135049819946, 0.03482520580291748, 0.06502778828144073, 0.05646461248397827, 0.06277865171432495, 0.03471449017524719, 0.04360151290893555, 0.0440741628408432, 0.04713597893714905, 0.04377245903015137, 0.03439831733703613, 0.04240486025810242, 0.06144672632217407, 0.0533747673034668, 0.048150599002838135, 0.05559930205345154, 0.03872902691364288, 0.049660488963127136, 0.052872851490974426, 0.026767760515213013], "curriculum_strength": [0.9681528662420382, 0.9363057324840764, 0.9044585987261147, 0.8726114649681529, 0.8407643312101911, 0.8089171974522293, 0.7770700636942676, 0.7452229299363058, 0.713375796178344, 0.6815286624203822, 0.6496815286624205, 0.6178343949044586, 0.5859872611464968, 0.554140127388535, 0.5222929936305732, 0.49044585987261147, 0.4585987261146497, 0.4267515923566879, 0.39490445859872614, 0.36305732484076436, 0.3312101910828026, 0.2993630573248408, 0.26751592356687903, 0.23566878980891715, 0.20382165605095537, 0.1719745222929936, 0.14012738853503182, 0.10828025477707004, 0.07643312101910826, 0.04458598726114649, 0.01273885350318471], "coverage": [0.06364106439680203, 0.12728212879360407, 0.1909231931904061, 0.2433077443220238, 0.2947774551529374, 0.34596873632711506, 0.38944353844318047, 0.42957718467841377, 0.47034724155761504, 0.5067419752595362, 0.5395966747543852, 0.5728093552364664, 0.6037548227994113, 0.6297681078716042, 0.656258700926773, 0.6800445487450778, 0.6998528300385823, 0.7218885485859751, 0.7417366055447278, 0.7581639552921523, 0.7757447993317689, 0.7918937194224573, 0.8052583429457858, 0.8173501451811781, 0.8305954417087625, 0.841374646990971, 0.8526709359214033, 0.8632910385426196, 0.8728769738673879, 0.8809116582474842, 0.8895429776063004], "balance_std": [0.0, 0.0, 0.0, 0.21005737781524658, 0.2704809606075287, 0.30487358570098877, 0.3652556836605072, 0.4162920117378235, 0.44865506887435913, 0.489112913608551, 0.5284508466720581, 0.5607202053070068, 0.5913191437721252, 0.6297548413276672, 0.6594409346580505, 0.6908576488494873, 0.7263830304145813, 0.7536458969116211, 0.7791204452514648, 0.8109003901481628, 0.8422616720199585, 0.8672158718109131, 0.8996976613998413, 0.9259865880012512, 0.9469448924064636, 0.9779499769210815, 1.0042834281921387, 1.0276477336883545, 1.0532184839248657, 1.0825387239456177, 1.1060441732406616], "unique_ratio": [1.0, 1.0, 1.0, 0.990625, 1.0, 1.0, 0.98875, 1.0, 1.0, 0.98375, 1.0, 1.0, 0.98, 1.0, 1.0, 0.99125, 1.0, 1.0, 0.99625, 1.0, 1.0, 1.0, 0.9975, 1.0, 1.0, 0.98375, 1.0, 1.0, 0.984375, 1.0, 1.0], "easy_ratio": [0.690625, 0.69, 0.6895833333333333, 0.69375, 0.695125, 0.6952083333333333, 0.6964285714285714, 0.69828125, 0.698125, 0.69675, 0.6964204545454545, 0.6965104166666667, 0.697548076923077, 0.6973214285714285, 0.6970416666666667, 0.696484375, 0.6955514705882353, 0.6965277777777777, 0.6974671052631579, 0.696875, 0.6974404761904762, 0.6972727272727273, 0.6977445652173913, 0.6975, 0.697625, 0.6966826923076923, 0.6962268518518518, 0.6968080357142857, 0.6975431034482759, 0.6978958333333334, 0.6975403225806451], "hard_ratio": [0.309375, 0.31, 0.3104166666666667, 0.30625, 0.304875, 0.3047916666666667, 0.30357142857142855, 0.30171875, 0.301875, 0.30325, 0.30357954545454546, 0.3034895833333333, 0.3024519230769231, 0.3026785714285714, 0.30295833333333333, 0.303515625, 0.3044485294117647, 0.3034722222222222, 0.3025328947368421, 0.303125, 0.30255952380952383, 0.30272727272727273, 0.3022554347826087, 0.3025, 0.302375, 0.3033173076923077, 0.30377314814814815, 0.30319196428571427, 0.30245689655172414, 0.3021041666666667, 0.3024596774193548], "val_loss": [18.932027331141175, 13.454442769777579, 11.59988394233047, 10.664031367810047, 10.085683309641041, 9.916256834249028, 9.657813695610546, 9.434217985047669, 9.305924342792542, 9.216625943535664], "val_ppl": [166753516.52463844, 696931.753125758, 109085.13837488426, 42788.78728008639, 23996.98099736178, 20257.0231423235, 15643.545700693068, 12509.179140581806, 11003.012113458359, 10063.05367218339]}