{"epoch": [0.0, 0.0, 0.0, 0.0, 1.0, 1.0, 1.0, 1.0, 2.0, 2.0, 2.0, 2.0, 3.0, 3.0, 3.0, 3.0, 4.0, 4.0, 4.0, 4.0, 5.0, 5.0, 5.0, 5.0, 6.0, 6.0, 6.0, 6.0, 6.0, 7.0, 7.0, 7.0, 7.0, 8.0, 8.0, 8.0, 8.0, 9.0, 9.0, 9.0, 9.0], "step": [100.0, 200.0, 300.0, 315.0, 400.0, 500.0, 600.0, 630.0, 700.0, 800.0, 900.0, 945.0, 1000.0, 1100.0, 1200.0, 1260.0, 1300.0, 1400.0, 1500.0, 1575.0, 1600.0, 1700.0, 1800.0, 1890.0, 1900.0, 2000.0, 2100.0, 2200.0, 2205.0, 2300.0, 2400.0, 2500.0, 2520.0, 2600.0, 2700.0, 2800.0, 2835.0, 2900.0, 3000.0, 3100.0, 3150.0], "loss_lm": [23.755794525146484, 15.352117538452148, 10.930068016052246, 11.17237377166748, 12.375508308410645, 10.151693344116211, 8.584976196289062, 9.326178550720215, 9.512337684631348, 7.575654983520508, 6.633119583129883, 7.083911895751953, 6.716334819793701, 7.1936540603637695, 5.396717071533203, 5.44755744934082, 5.677009582519531, 5.705941200256348, 5.184503555297852, 5.544489860534668, 5.910940170288086, 5.692615032196045, 5.274408340454102, 4.4503173828125, 5.279020309448242, 5.724853515625, 5.2415876388549805, 5.42149543762207, 4.812882423400879, 4.802377700805664, 5.3478899002075195], "loss_router": [-0.02067740261554718, -0.022972993552684784, -0.019562413915991783, -0.01960909180343151, -2.3631379008293152e-05, -0.021565351635217667, -0.021353870630264282, -0.019300168380141258, -0.06244509667158127, -0.03190212696790695, -0.03352323919534683, -0.026652447879314423, -0.021973397582769394, -0.019052067771553993, -0.07842380553483963, -0.017715182155370712, -0.019699767231941223, -0.037881117314100266, -0.012537537142634392, -0.02391325682401657, -0.041757479310035706, -0.01672716811299324, -0.024971123784780502, -0.02336348593235016, -0.021629415452480316, -0.01688515953719616, -0.022664465010166168, -0.02849109284579754, -0.02142586186528206, -0.01998581737279892, -0.0339905247092247], "reinforce": [0.0010475963354110718, -0.0013614445924758911, 0.002137213945388794, 0.0017149411141872406, 0.02121465653181076, -0.0003851698711514473, 8.661765605211258e-05, 0.0016744881868362427, -0.044244199991226196, -0.010879606008529663, -0.013966647908091545, -0.005693025887012482, -0.0008803103119134903, 0.002200039103627205, -0.058921702206134796, 0.003195919096469879, 0.0016716308891773224, -0.020832471549510956, 0.008374538272619247, -0.0035091042518615723, -0.04117154702544212, 0.00337301567196846, -0.0064062438905239105, -0.002689782530069351, -0.0010079676285386086, 0.004014778882265091, -0.0022901631891727448, -0.007988356053829193, -0.00021763937547802925, 0.0012856251560151577, -0.013069717213511467], "entropy": [4.34499979019165, 4.322309970855713, 4.339925765991211, 4.264806747436523, 4.247657775878906, 4.236036777496338, 4.288097381591797, 4.194931507110596, 3.6401796340942383, 4.204504013061523, 3.911318778991699, 4.191884517669678, 4.2186174392700195, 4.250421524047852, 3.900421142578125, 4.182220458984375, 4.274279594421387, 3.409729242324829, 4.182415008544922, 4.0808305740356445, 0.11718647181987762, 4.020036697387695, 3.7129759788513184, 4.134740829467773, 4.1242899894714355, 4.179987907409668, 4.074860572814941, 4.1005473136901855, 4.241644859313965, 4.254288673400879, 4.184161186218262], "avg_improvement": [0.22539818286895752, 0.11666256189346313, 0.04449021816253662, 0.08527505397796631, 0.1145278811454773, 0.04900312423706055, 0.032521069049835205, 0.07791414856910706, 0.07049340009689331, 0.09228157997131348, 0.06446418166160583, 0.05500724911689758, 0.04992672801017761, 0.043146759271621704, 0.061378419399261475, 0.03872212767601013, 0.03730010986328125, 0.0599021315574646, 0.05698224902153015, 0.017275333404541016, 0.04578530788421631, 0.03538888692855835, 0.053012579679489136, 0.0414050817489624, 0.022480040788650513, 0.05287453532218933, 0.032905399799346924, 0.038102924823760986, 0.027781248092651367, 0.039830029010772705, 0.05059543251991272], "curriculum_strength": [0.9681528662420382, 0.9363057324840764, 0.9044585987261147, 0.8726114649681529, 0.8407643312101911, 0.8089171974522293, 0.7770700636942676, 0.7452229299363058, 0.713375796178344, 0.6815286624203822, 0.6496815286624205, 0.6178343949044586, 0.5859872611464968, 0.554140127388535, 0.5222929936305732, 0.49044585987261147, 0.4585987261146497, 0.4267515923566879, 0.39490445859872614, 0.36305732484076436, 0.3312101910828026, 0.2993630573248408, 0.26751592356687903, 0.23566878980891715, 0.20382165605095537, 0.1719745222929936, 0.14012738853503182, 0.10828025477707004, 0.07643312101910826, 0.04458598726114649, 0.01273885350318471], "coverage": [0.06364106439680203, 0.12728212879360407, 0.1909231931904061, 0.2129191360725508, 0.2404041207589197, 0.28292430690903303, 0.30456226880394577, 0.31478461477268205, 0.3259615767073704, 0.33534863370589874, 0.3380533789427628, 0.3409570025058669, 0.343383318085995, 0.34549142834413904, 0.3472017819498031, 0.35018495684340323, 0.35253172109303527, 0.3541625233682033, 0.3561115309653554, 0.35798098723201144, 0.3588162762022195, 0.36044707847738755, 0.36168012410007555, 0.3625949644007796, 0.36378823435821966, 0.36482240165466767, 0.36585656895111573, 0.3669702875780597, 0.3683226601964918, 0.3705103217851319, 0.3725786563780279], "balance_std": [0.0, 0.0, 0.0, 0.3966551721096039, 0.4678594470024109, 0.47685670852661133, 0.5999003648757935, 0.7165546417236328, 0.7781931757926941, 0.8956905603408813, 1.0319840908050537, 1.1246851682662964, 1.2331253290176392, 1.376904010772705, 1.488146185874939, 1.5832605361938477, 1.7161444425582886, 1.830422043800354, 1.9276103973388672, 2.073275089263916, 2.203282117843628, 2.309643268585205, 2.450249671936035, 2.5788753032684326, 2.6814255714416504, 2.8214688301086426, 2.948453903198242, 3.061305046081543, 3.1912901401519775, 3.316333532333374, 3.4250006675720215], "unique_ratio": [1.0, 1.0, 1.0, 0.966875, 1.0, 1.0, 0.945625, 1.0, 1.0, 0.935, 1.0, 1.0, 0.933125, 1.0, 1.0, 0.955625, 1.0, 1.0, 0.970625, 1.0, 1.0, 1.0, 0.99125, 1.0, 1.0, 0.9525, 1.0, 1.0, 0.934375, 1.0, 1.0], "easy_ratio": [0.953125, 0.9490625, 0.94, 0.9246875, 0.877625, 0.7973958333333333, 0.7516964285714286, 0.73140625, 0.7093055555555555, 0.6911875, 0.6977840909090909, 0.6916666666666667, 0.6882211538461539, 0.6825, 0.6899583333333333, 0.699140625, 0.7077941176470588, 0.7133680555555556, 0.7183223684210527, 0.72184375, 0.7245238095238096, 0.7280397727272727, 0.7316304347826087, 0.7368489583333333, 0.7421, 0.744326923076923, 0.7462268518518519, 0.7499553571428571, 0.7530818965517241, 0.7569583333333333, 0.7606451612903226], "hard_ratio": [0.046875, 0.0509375, 0.06, 0.0753125, 0.122375, 0.20260416666666667, 0.24830357142857143, 0.26859375, 0.2906944444444444, 0.3088125, 0.3022159090909091, 0.30833333333333335, 0.31177884615384616, 0.3175, 0.31004166666666666, 0.300859375, 0.2922058823529412, 0.28663194444444445, 0.2816776315789474, 0.27815625, 0.2754761904761905, 0.2719602272727273, 0.2683695652173913, 0.26315104166666664, 0.2579, 0.25567307692307695, 0.25377314814814816, 0.25004464285714284, 0.24691810344827586, 0.24304166666666666, 0.23935483870967741], "val_loss": [20.839206199176974, 12.906647931356899, 10.889930278551383, 10.193850304259628, 9.894351037799336, 9.73740955063554, 9.552529577349054, 9.48085504037435, 9.317412274782775, 9.284009818659454], "val_ppl": [1122928901.1613736, 402982.3048310122, 53633.56043016677, 26738.247346803462, 19818.101927813084, 16939.603311000406, 14080.266785256714, 13106.388215625528, 11130.142804527872, 10764.509222576202]}