{"epoch": [0.0, 0.0, 0.0, 0.0, 1.0, 1.0, 1.0, 1.0, 2.0, 2.0, 2.0, 2.0, 3.0, 3.0, 3.0, 3.0, 4.0, 4.0, 4.0, 4.0, 5.0, 5.0, 5.0, 5.0, 6.0, 6.0, 6.0, 6.0, 6.0, 7.0, 7.0, 7.0, 7.0, 8.0, 8.0, 8.0, 8.0, 9.0, 9.0, 9.0, 9.0], "step": [100.0, 200.0, 300.0, 315.0, 400.0, 500.0, 600.0, 630.0, 700.0, 800.0, 900.0, 945.0, 1000.0, 1100.0, 1200.0, 1260.0, 1300.0, 1400.0, 1500.0, 1575.0, 1600.0, 1700.0, 1800.0, 1890.0, 1900.0, 2000.0, 2100.0, 2200.0, 2205.0, 2300.0, 2400.0, 2500.0, 2520.0, 2600.0, 2700.0, 2800.0, 2835.0, 2900.0, 3000.0, 3100.0, 3150.0], "loss_lm": [24.849895477294922, 18.155906677246094, 15.408910751342773, 14.230236053466797, 13.086946487426758, 9.587799072265625, 10.279571533203125, 9.968860626220703, 9.871706008911133, 9.253190994262695, 8.879770278930664, 8.080163955688477, 8.055290222167969, 8.163257598876953, 7.442287445068359, 7.879266262054443, 7.645718574523926, 7.333917617797852, 7.465629577636719, 6.8317999839782715, 6.857390880584717, 6.572330951690674, 6.025167465209961, 7.225971698760986, 4.805644989013672, 7.672676086425781, 7.437777519226074, 6.012537479400635, 5.521661281585693, 6.335504055023193, 5.754795551300049], "loss_router": [0.027248144149780273, -0.013753077015280724, -0.005426494404673576, -0.001045098528265953, -0.04326074570417404, 0.006418468430638313, -0.017240697517991066, -0.04978976026177406, -0.09107959270477295, -1.2708804607391357, -0.4115518033504486, -0.23784081637859344, -0.03904842212796211, 0.05685622990131378, -0.5019758939743042, 0.0008114425581879914, -0.013301266357302666, -0.12449723482131958, -0.1291877180337906, 0.037284690886735916, -0.30884626507759094, -0.03464414179325104, -0.049261368811130524, 0.03349800035357475, 0.053994957357645035, 0.05632222816348076, -0.15431161224842072, -0.04175597056746483, 0.02982979640364647, -0.184059739112854, -0.09908969700336456], "reinforce": [0.04609884321689606, 0.005735121667385101, 0.010387852787971497, 0.016369163990020752, -0.026519011706113815, 0.021059785038232803, -0.007566042244434357, -0.04324338212609291, -0.08540139347314835, -1.2708799839019775, -0.4115517735481262, -0.23784080147743225, -0.037105850875377655, 0.05872715264558792, -0.5019758939743042, 0.0008114427328109741, -0.009266205132007599, -0.12291953712701797, -0.12917903065681458, 0.03767027705907822, -0.30884626507759094, -0.034614987671375275, -0.04392249509692192, 0.03713703155517578, 0.0539955198764801, 0.056646160781383514, -0.15431161224842072, -0.04175562039017677, 0.029830414801836014, -0.184059739112854, -0.09908969700336456], "entropy": [3.7701399326324463, 3.897639751434326, 3.162869453430176, 3.4828524589538574, 3.3483471870422363, 2.9282634258270264, 1.9349310398101807, 1.309275507926941, 1.1356401443481445, 8.876879292074591e-05, 3.7525776406255318e-06, 3.7909908314759377e-06, 0.38851460814476013, 0.37418481707572937, 3.926575953272504e-09, 3.1152580959314946e-08, 0.8070123791694641, 0.31553909182548523, 0.0017387805273756385, 0.0771172046661377, 4.2148007653197644e-22, 0.005831088870763779, 1.0677751302719116, 0.7278059720993042, 0.00011269845708739012, 0.06478641927242279, 4.262625807882614e-08, 7.027741958154365e-05, 0.00012381549458950758, 4.803989671342546e-12, 3.002705029064856e-11], "avg_improvement": [0.21074354648590088, 0.20240557193756104, 0.08654314279556274, 0.1293671727180481, 0.08949536085128784, 0.12279459834098816, 0.046470046043395996, 0.05529296398162842, 0.06269842386245728, 0.09758377075195312, 0.08210927248001099, 0.05829417705535889, 0.041030675172805786, 0.05622577667236328, 0.07135629653930664, 0.05283382534980774, 0.050957560539245605, 0.05552229285240173, 0.04068771004676819, 0.04252117872238159, 0.026156753301620483, 0.07531529664993286, 0.0483209490776062, 0.031198889017105103, 0.0283777117729187, 0.03330773115158081, 0.03844594955444336, 0.03864040970802307, 0.043307676911354065, 0.04198475182056427, 0.03550012409687042], "curriculum_strength": [0.9681528662420382, 0.9363057324840764, 0.9044585987261147, 0.8726114649681529, 0.8407643312101911, 0.8089171974522293, 0.7770700636942676, 0.7452229299363058, 0.713375796178344, 0.6815286624203822, 0.6496815286624205, 0.6178343949044586, 0.5859872611464968, 0.554140127388535, 0.5222929936305732, 0.49044585987261147, 0.4585987261146497, 0.4267515923566879, 0.39490445859872614, 0.36305732484076436, 0.3312101910828026, 0.2993630573248408, 0.26751592356687903, 0.23566878980891715, 0.20382165605095537, 0.1719745222929936, 0.14012738853503182, 0.10828025477707004, 0.07643312101910826, 0.04458598726114649, 0.01273885350318471], "coverage": [0.06364106439680203, 0.12728212879360407, 0.1909231931904061, 0.24259178234755976, 0.29179428025933735, 0.34342309375124297, 0.37834612783898813, 0.40515492621614096, 0.43216260291953384, 0.45515293743287855, 0.46390358378743884, 0.4744839107434072, 0.48263792211924744, 0.4874507776142556, 0.5041565570184161, 0.5107195417843363, 0.5142595759914085, 0.5194304124736486, 0.5226920170239847, 0.5340280816196651, 0.5399148800763692, 0.5603993476790899, 0.5809235909470586, 0.5909868342548029, 0.6063402410405314, 0.6161250546915397, 0.6185115946064198, 0.625710990016308, 0.6323933017779723, 0.6354958036673163, 0.6390756135396365], "balance_std": [0.0, 0.0, 0.0, 0.216602623462677, 0.2869146466255188, 0.31522276997566223, 0.40632709860801697, 0.48894891142845154, 0.5417552590370178, 0.6239029765129089, 0.7401238083839417, 0.8203116655349731, 0.9193099141120911, 1.049206018447876, 1.1176974773406982, 1.2172662019729614, 1.3483834266662598, 1.4541301727294922, 1.5572562217712402, 1.6522507667541504, 1.7556918859481812, 1.7878504991531372, 1.8175528049468994, 1.9061733484268188, 1.9614607095718384, 2.0269789695739746, 2.140928268432617, 2.1912989616394043, 2.245053768157959, 2.3385422229766846, 2.4151651859283447], "unique_ratio": [1.0, 1.0, 1.0, 0.974375, 1.0, 1.0, 0.965625, 1.0, 1.0, 0.946875, 1.0, 1.0, 0.9375, 1.0, 1.0, 0.953125, 1.0, 1.0, 0.97, 1.0, 1.0, 1.0, 0.99125, 1.0, 1.0, 0.971875, 1.0, 1.0, 0.944375, 1.0, 1.0], "easy_ratio": [0.840625, 0.83375, 0.76625, 0.6334375, 0.60725, 0.54625, 0.48544642857142856, 0.441328125, 0.39645833333333336, 0.383375, 0.3552840909090909, 0.33739583333333334, 0.32100961538461537, 0.30477678571428574, 0.31283333333333335, 0.3031640625, 0.293125, 0.2851388888888889, 0.27671052631578946, 0.28446875, 0.28482142857142856, 0.30230113636363637, 0.32258152173913046, 0.325625, 0.33465, 0.34509615384615383, 0.33708333333333335, 0.34734375, 0.3593103448275862, 0.36275, 0.36643145161290325], "hard_ratio": [0.159375, 0.16625, 0.23375, 0.3665625, 0.39275, 0.45375, 0.5145535714285714, 0.558671875, 0.6035416666666666, 0.616625, 0.6447159090909091, 0.6626041666666667, 0.6789903846153846, 0.6952232142857143, 0.6871666666666667, 0.6968359375, 0.706875, 0.7148611111111111, 0.7232894736842105, 0.71553125, 0.7151785714285714, 0.6976988636363637, 0.6774184782608695, 0.674375, 0.66535, 0.6549038461538461, 0.6629166666666667, 0.65265625, 0.6406896551724138, 0.63725, 0.6335685483870968], "val_loss": [18.792896667464834, 11.908100529772337, 9.989116673586798, 9.359319763105423, 9.092152621902404, 8.948926234343013, 8.975475266331532, 8.971649667767227, 8.801462585808801, 8.775496154535013], "val_ppl": [145094624.0880621, 148464.4077093348, 21788.0443404386, 11606.490692959393, 8885.292155274998, 7699.619833444683, 7906.775003669839, 7876.584641490791, 6643.954256719861, 6473.6550747849615]}