{"epoch": [0.0, 0.0, 0.0, 0.0, 1.0, 1.0, 1.0, 1.0, 2.0, 2.0, 2.0, 2.0, 3.0, 3.0, 3.0, 3.0, 4.0, 4.0, 4.0, 4.0, 5.0, 5.0, 5.0, 5.0, 6.0, 6.0, 6.0, 6.0, 6.0, 7.0, 7.0, 7.0, 7.0, 8.0, 8.0, 8.0, 8.0, 9.0, 9.0, 9.0, 9.0], "step": [100.0, 200.0, 300.0, 315.0, 400.0, 500.0, 600.0, 630.0, 700.0, 800.0, 900.0, 945.0, 1000.0, 1100.0, 1200.0, 1260.0, 1300.0, 1400.0, 1500.0, 1575.0, 1600.0, 1700.0, 1800.0, 1890.0, 1900.0, 2000.0, 2100.0, 2200.0, 2205.0, 2300.0, 2400.0, 2500.0, 2520.0, 2600.0, 2700.0, 2800.0, 2835.0, 2900.0, 3000.0, 3100.0, 3150.0], "loss_lm": [21.840572357177734, 21.015666961669922, 14.918204307556152, 13.424826622009277, 12.748163223266602, 10.381478309631348, 7.461644172668457, 9.554153442382812, 10.004880905151367, 9.379337310791016, 8.58514404296875, 6.909686088562012, 6.241089820861816, 6.386990547180176, 7.36928129196167, 7.868236541748047, 6.633522033691406, 6.479048728942871, 7.289446830749512, 8.000417709350586, 7.814904689788818, 8.146026611328125, 7.1219801902771, 6.08466911315918, 6.674395561218262, 7.700160026550293, 5.816391944885254, 5.9239044189453125, 4.719634532928467, 6.258892059326172, 6.307535171508789], "loss_router": [-0.01742035709321499, -0.019990066066384315, -0.015583278611302376, -0.023286618292331696, -0.02515709027647972, -0.02003646083176136, -0.024782314896583557, -0.031145140528678894, -0.15134301781654358, -0.27235645055770874, -0.10155200958251953, -0.032426562160253525, -0.004108349792659283, -0.013256393373012543, -0.1877714991569519, -0.025674637407064438, -0.011989234015345573, -0.019597893580794334, -0.06004713103175163, -0.03377458453178406, -0.32514888048171997, 0.0456237718462944, -0.07110917568206787, -0.042220622301101685, -0.01852269098162651, -0.0811714455485344, -0.00738154724240303, -0.4381384551525116, -0.0005730320699512959, -0.06248548626899719, -0.09293225407600403], "reinforce": [0.004403367638587952, 0.0018005743622779846, 0.006152644753456116, -0.001598123461008072, -0.00401826947927475, 0.001360943540930748, -0.0034012570977211, -0.010014690458774567, -0.14657701551914215, -0.26439645886421204, -0.09222905337810516, -0.017329998314380646, 0.010544463992118835, 0.005929736420512199, -0.18748755753040314, -0.014411341398954391, 0.0027214400470256805, -0.019300159066915512, -0.05579381436109543, -0.03168649598956108, -0.32514888048171997, 0.04863394424319267, -0.07066480815410614, -0.03619459271430969, -0.014792761765420437, -0.07975950837135315, -0.0073644742369651794, -0.43812286853790283, 0.005538102239370346, -0.06248542666435242, -0.09293124079704285], "entropy": [4.364745140075684, 4.358128070831299, 4.347184658050537, 4.337698936462402, 4.227764129638672, 4.279480934143066, 4.276211738586426, 4.226089954376221, 0.9531996250152588, 1.59200119972229, 1.8645910024642944, 3.019312620162964, 2.930562734603882, 3.837225914001465, 0.056789547204971313, 2.252659320831299, 2.9421348571777344, 0.05954683944582939, 0.8506634831428528, 0.4176178574562073, 2.409036728781566e-12, 0.6020346879959106, 0.08887362480163574, 1.2052061557769775, 0.7459859848022461, 0.28238779306411743, 0.003414571052417159, 0.003117562271654606, 1.222226858139038, 1.1993692169198766e-05, 0.00020211112860124558], "avg_improvement": [0.2385721206665039, 0.12070596218109131, 0.10368025302886963, 0.09586983919143677, 0.09358841180801392, 0.08526334166526794, 0.05021539330482483, 0.08636334538459778, 0.13152366876602173, 0.12882065773010254, 0.07905793190002441, 0.07426387071609497, 0.05353891849517822, 0.06363087892532349, 0.06897518038749695, 0.038862794637680054, 0.03720879554748535, 0.02364543080329895, 0.05380252003669739, 0.03278374671936035, 0.039350152015686035, 0.04542776942253113, 0.03983509540557861, 0.03920772671699524, 0.023976832628250122, 0.05669492483139038, 0.04657857120037079, 0.04957500100135803, 0.04632359743118286, 0.02613191306591034, 0.03729909658432007], "curriculum_strength": [0.9681528662420382, 0.9363057324840764, 0.9044585987261147, 0.8726114649681529, 0.8407643312101911, 0.8089171974522293, 0.7770700636942676, 0.7452229299363058, 0.713375796178344, 0.6815286624203822, 0.6496815286624205, 0.6178343949044586, 0.5859872611464968, 0.554140127388535, 0.5222929936305732, 0.49044585987261147, 0.4585987261146497, 0.4267515923566879, 0.39490445859872614, 0.36305732484076436, 0.3312101910828026, 0.2993630573248408, 0.26751592356687903, 0.23566878980891715, 0.20382165605095537, 0.1719745222929936, 0.14012738853503182, 0.10828025477707004, 0.07643312101910826, 0.04458598726114649, 0.01273885350318471], "coverage": [0.06364106439680203, 0.12728212879360407, 0.1909231931904061, 0.2374209458653196, 0.2832822878962651, 0.3316892725030826, 0.36689073624756374, 0.3970406905055487, 0.42003102501889344, 0.437373215067022, 0.4555904697506066, 0.4719382681675351, 0.4879280855972316, 0.4972355912652639, 0.5090489638439203, 0.5236864086551848, 0.529931188099121, 0.5373692375004971, 0.5444095302493934, 0.5495008154011376, 0.5549898572053618, 0.562229028280498, 0.5659281651485621, 0.5732468875541944, 0.5828328228789627, 0.5867706137385148, 0.5920210015512509, 0.6006920965753152, 0.6062606897100354, 0.6149317847340997, 0.6169603436617478], "balance_std": [0.0, 0.0, 0.0, 0.25882935523986816, 0.3287582993507385, 0.3582604229450226, 0.4418351948261261, 0.5084396600723267, 0.5715506076812744, 0.672351062297821, 0.7550639510154724, 0.8232027292251587, 0.892501711845398, 1.0032508373260498, 1.0762088298797607, 1.142687439918518, 1.2534711360931396, 1.3386991024017334, 1.4196019172668457, 1.53005051612854, 1.6220804452896118, 1.696839690208435, 1.809967279434204, 1.9006562232971191, 1.967131495475769, 2.0717506408691406, 2.1608638763427734, 2.2136130332946777, 2.2907679080963135, 2.3435559272766113, 2.4440691471099854], "unique_ratio": [1.0, 1.0, 1.0, 0.9775, 1.0, 1.0, 0.96375, 1.0, 1.0, 0.94, 1.0, 1.0, 0.954375, 1.0, 1.0, 0.96875, 1.0, 1.0, 0.9775, 1.0, 1.0, 1.0, 0.98875, 1.0, 1.0, 0.961875, 1.0, 1.0, 0.948125, 1.0, 1.0], "easy_ratio": [0.911875, 0.8021875, 0.6135416666666667, 0.544375, 0.468875, 0.4675, 0.46464285714285714, 0.49265625, 0.4660416666666667, 0.4463125, 0.4580681818181818, 0.4575, 0.4625, 0.44901785714285714, 0.4475, 0.46015625, 0.4465808823529412, 0.4420486111111111, 0.443125, 0.4241875, 0.40589285714285717, 0.3890340909090909, 0.3741032608695652, 0.3765364583333333, 0.38375, 0.3852884615384615, 0.38796296296296295, 0.40004464285714286, 0.4073060344827586, 0.4197708333333333, 0.4194758064516129], "hard_ratio": [0.088125, 0.1978125, 0.38645833333333335, 0.455625, 0.531125, 0.5325, 0.5353571428571429, 0.50734375, 0.5339583333333333, 0.5536875, 0.5419318181818182, 0.5425, 0.5375, 0.5509821428571429, 0.5525, 0.53984375, 0.5534191176470589, 0.5579513888888888, 0.556875, 0.5758125, 0.5941071428571428, 0.6109659090909091, 0.6258967391304348, 0.6234635416666666, 0.61625, 0.6147115384615385, 0.612037037037037, 0.5999553571428572, 0.5926939655172414, 0.5802291666666667, 0.5805241935483871], "val_loss": [17.422030034612437, 11.666511376373103, 10.239216856292037, 9.679339452845152, 9.495185561355997, 9.21615559937524, 8.890911713486812, 8.947191215440876, 8.925595996809788, 8.776399538653795], "val_ppl": [36837615.24940626, 116600.79561984978, 27979.20560514762, 15983.935296208732, 13295.561827711357, 10058.321686570776, 7265.640347028717, 7686.272429841459, 7522.065124099361, 6479.505914349861]}