{"epoch": [0.0, 0.0, 0.0, 0.0, 1.0, 1.0, 1.0, 1.0, 2.0, 2.0, 2.0, 2.0, 3.0, 3.0, 3.0, 3.0, 4.0, 4.0, 4.0, 4.0, 5.0, 5.0, 5.0, 5.0, 6.0, 6.0, 6.0, 6.0, 6.0, 7.0, 7.0, 7.0, 7.0, 8.0, 8.0, 8.0, 8.0, 9.0, 9.0, 9.0, 9.0], "step": [100.0, 200.0, 300.0, 315.0, 400.0, 500.0, 600.0, 630.0, 700.0, 800.0, 900.0, 945.0, 1000.0, 1100.0, 1200.0, 1260.0, 1300.0, 1400.0, 1500.0, 1575.0, 1600.0, 1700.0, 1800.0, 1890.0, 1900.0, 2000.0, 2100.0, 2200.0, 2205.0, 2300.0, 2400.0, 2500.0, 2520.0, 2600.0, 2700.0, 2800.0, 2835.0, 2900.0, 3000.0, 3100.0, 3150.0], "loss_lm": [24.203548431396484, 16.707855224609375, 11.185567855834961, 11.49696159362793, 10.999979972839355, 8.833230972290039, 7.9920477867126465, 6.11506986618042, 7.119013786315918, 5.366944313049316, 5.597753524780273, 5.306717872619629, 5.120509147644043, 9.388431549072266, 4.9888105392456055, 5.22171688079834, 5.237961769104004, 4.839230537414551, 5.563812255859375, 4.836801052093506, 6.700354099273682, 4.284316062927246, 4.6078386306762695, 7.6808929443359375, 8.4449462890625, 4.244638919830322, 4.607629299163818, 4.194578170776367, 4.233761787414551, 4.0424652099609375, 4.937548637390137], "loss_router": [-84.96517181396484, -63.829933166503906, -44.80702209472656, -47.84361267089844, -45.39157485961914, -37.416011810302734, -33.65013885498047, -25.398487091064453, -30.021270751953125, -22.39505958557129, -22.673789978027344, -21.994304656982422, -20.552492141723633, -37.97422790527344, -20.528308868408203, -21.695232391357422, -21.707090377807617, -19.717098236083984, -23.465084075927734, -20.38223648071289, -28.147737503051758, -16.845338821411133, -19.035934448242188, -31.844682693481445, -35.36681365966797, -17.410079956054688, -18.747732162475586, -17.025087356567383, -17.877153396606445, -17.242937088012695, -21.04750633239746], "reinforce": [-84.94664001464844, -63.808719635009766, -44.785308837890625, -47.82176971435547, -45.36972427368164, -37.394126892089844, -33.62826156616211, -25.37665367126465, -29.9993896484375, -22.37319564819336, -22.652042388916016, -21.972457885742188, -20.530765533447266, -37.95245361328125, -20.50647735595703, -21.673364639282227, -21.685253143310547, -19.695302963256836, -23.443208694458008, -20.36037254333496, -28.125873565673828, -16.823808670043945, -19.014087677001953, -31.82285499572754, -35.34495544433594, -17.388233184814453, -18.725980758666992, -17.003313064575195, -17.855274200439453, -17.221052169799805, -21.025604248046875], "entropy": [3.7068896293640137, 4.242607116699219, 4.343008995056152, 4.368346214294434, 4.369812965393066, 4.377082824707031, 4.375676155090332, 4.366532325744629, 4.376276016235352, 4.372826099395752, 4.349514961242676, 4.369296550750732, 4.345211505889893, 4.35515022277832, 4.366259574890137, 4.373453140258789, 4.367351531982422, 4.358863830566406, 4.374923229217529, 4.372818946838379, 4.372657775878906, 4.305858135223389, 4.369387626647949, 4.36561393737793, 4.37132453918457, 4.369359970092773, 4.350406169891357, 4.354869842529297, 4.376010417938232, 4.377098083496094, 4.380272388458252], "avg_improvement": [0.10926854610443115, 0.11892479658126831, 0.10021090507507324, 0.05938827991485596, 0.1266072690486908, 0.0500408411026001, 0.10901722311973572, 0.04449242353439331, 0.0663968026638031, 0.06031641364097595, 0.03883042931556702, 0.0633363127708435, 0.06904211640357971, 0.10708504915237427, 0.07642903923988342, 0.04347136616706848, 0.041241735219955444, 0.04872940480709076, 0.0480043888092041, 0.04091157019138336, 0.045994147658348083, 0.06352806091308594, 0.05942744016647339, 0.044837892055511475, 0.033701807260513306, 0.11237919330596924, 0.046404317021369934, 0.034135133028030396, 0.05774804949760437, 0.03906525671482086, 0.03821548819541931], "curriculum_strength": [0.9681528662420382, 0.9363057324840764, 0.9044585987261147, 0.8726114649681529, 0.8407643312101911, 0.8089171974522293, 0.7770700636942676, 0.7452229299363058, 0.713375796178344, 0.6815286624203822, 0.6496815286624205, 0.6178343949044586, 0.5859872611464968, 0.554140127388535, 0.5222929936305732, 0.49044585987261147, 0.4585987261146497, 0.4267515923566879, 0.39490445859872614, 0.36305732484076436, 0.3312101910828026, 0.2993630573248408, 0.26751592356687903, 0.23566878980891715, 0.20382165605095537, 0.1719745222929936, 0.14012738853503182, 0.10828025477707004, 0.07643312101910826, 0.04458598726114649, 0.01273885350318471], "coverage": [0.06364106439680203, 0.12728212879360407, 0.1909231931904061, 0.24350662264826378, 0.29465812815719344, 0.34545165267889105, 0.3873354281850364, 0.42663378545006164, 0.4656139373931029, 0.499980112167376, 0.5302891690863529, 0.56199037428901, 0.5896742373016188, 0.6143749254206277, 0.6386380812219085, 0.6612306590827731, 0.6798058947535898, 0.6994152977208544, 0.718467841374647, 0.7329859591901674, 0.748816673958872, 0.7642894077403445, 0.7762221073147448, 0.7888309931983613, 0.8002863847897856, 0.81194065470745, 0.8211288333797383, 0.8312318523527306, 0.8391869854023308, 0.8467443617994511, 0.8556143351497554], "balance_std": [0.0, 0.0, 0.0, 0.20820166170597076, 0.27115941047668457, 0.30700910091400146, 0.3712983727455139, 0.4212081730365753, 0.46009448170661926, 0.5056600570678711, 0.5520926117897034, 0.5849809050559998, 0.6248838305473328, 0.6647374033927917, 0.6960794925689697, 0.7271328568458557, 0.7656742334365845, 0.7997186183929443, 0.8291741013526917, 0.8696328997612, 0.9032641053199768, 0.9307828545570374, 0.968295156955719, 0.9974108934402466, 1.0266125202178955, 1.0597366094589233, 1.0935002565383911, 1.1189684867858887, 1.1523098945617676, 1.1835496425628662, 1.2108874320983887], "unique_ratio": [1.0, 1.0, 1.0, 0.99125, 1.0, 1.0, 0.985, 1.0, 1.0, 0.984375, 1.0, 1.0, 0.98, 1.0, 1.0, 0.988125, 1.0, 1.0, 0.99375, 1.0, 1.0, 1.0, 0.99875, 1.0, 1.0, 0.99125, 1.0, 1.0, 0.97875, 1.0, 1.0], "easy_ratio": [0.77, 0.7946875, 0.7947916666666667, 0.79484375, 0.797125, 0.8001041666666666, 0.8011607142857143, 0.80453125, 0.8063888888888889, 0.8070625, 0.8086931818181818, 0.8105208333333334, 0.8114423076923077, 0.8119642857142857, 0.813875, 0.815, 0.8156617647058824, 0.8163888888888889, 0.8178947368421052, 0.81859375, 0.8188690476190477, 0.8195738636363636, 0.8201902173913044, 0.820390625, 0.8212, 0.8215865384615385, 0.8222222222222222, 0.8225, 0.8229956896551724, 0.823375, 0.8236693548387096], "hard_ratio": [0.23, 0.2053125, 0.20520833333333333, 0.20515625, 0.202875, 0.19989583333333333, 0.19883928571428572, 0.19546875, 0.19361111111111112, 0.1929375, 0.1913068181818182, 0.18947916666666667, 0.18855769230769232, 0.18803571428571428, 0.186125, 0.185, 0.18433823529411764, 0.1836111111111111, 0.18210526315789474, 0.18140625, 0.1811309523809524, 0.18042613636363636, 0.17980978260869565, 0.179609375, 0.1788, 0.17841346153846155, 0.17777777777777778, 0.1775, 0.17700431034482758, 0.176625, 0.17633064516129032], "val_loss": [20.303103775274558, 14.765735218759444, 12.872071012121733, 11.784304487900656, 11.219947449496535, 10.859096476289093, 10.477121557368607, 10.183487272653423, 10.07908931227981, 9.824038464514935], "val_ppl": [656940346.3368194, 2586290.632162453, 389286.5610210443, 131177.21679040894, 74603.8541820884, 52005.06914079015, 35494.092649189704, 26462.588840326753, 23839.265527150714, 18472.500847003528]}