{"epoch": [0.0, 0.0, 0.0, 0.0, 1.0, 1.0, 1.0, 1.0, 2.0, 2.0, 2.0, 2.0, 3.0, 3.0, 3.0, 3.0, 4.0, 4.0, 4.0, 4.0, 5.0, 5.0, 5.0, 5.0, 6.0, 6.0, 6.0, 6.0, 6.0, 7.0, 7.0, 7.0, 7.0, 8.0, 8.0, 8.0, 8.0, 9.0, 9.0, 9.0, 9.0], "step": [100.0, 200.0, 300.0, 315.0, 400.0, 500.0, 600.0, 630.0, 700.0, 800.0, 900.0, 945.0, 1000.0, 1100.0, 1200.0, 1260.0, 1300.0, 1400.0, 1500.0, 1575.0, 1600.0, 1700.0, 1800.0, 1890.0, 1900.0, 2000.0, 2100.0, 2200.0, 2205.0, 2300.0, 2400.0, 2500.0, 2520.0, 2600.0, 2700.0, 2800.0, 2835.0, 2900.0, 3000.0, 3100.0, 3150.0], "loss_lm": [25.506826400756836, 21.855831146240234, 16.212417602539062, 13.847909927368164, 12.51846981048584, 10.640228271484375, 10.011876106262207, 9.694416046142578, 9.442817687988281, 9.192955017089844, 8.321474075317383, 8.525552749633789, 7.998868942260742, 8.235340118408203, 8.152264595031738, 7.741348743438721, 7.789139747619629, 7.840700626373291, 7.619309425354004, 7.84097957611084, 7.584157943725586, 7.944828987121582, 7.406266212463379, 7.388302803039551, 7.664278030395508, 7.539792060852051, 7.544854164123535, 7.404191493988037, 7.390880107879639, 7.142026901245117, 7.291489601135254], "loss_router": [83.32786560058594, 69.2200927734375, 51.03394317626953, 47.694793701171875, 39.89409255981445, 32.206939697265625, 31.893442153930664, 29.092281341552734, 29.367950439453125, 28.527725219726562, 25.286754608154297, 26.575098037719727, 24.478811264038086, 24.605770111083984, 25.637781143188477, 23.743541717529297, 23.645179748535156, 24.3299617767334, 23.2767391204834, 24.080293655395508, 23.51982307434082, 24.848356246948242, 23.684282302856445, 22.346057891845703, 24.001548767089844, 23.139659881591797, 23.18323516845703, 22.69880485534668, 21.677139282226562, 22.60379409790039, 22.406713485717773], "reinforce": [83.34579467773438, 69.23550415039062, 51.05018615722656, 47.706939697265625, 39.91079330444336, 32.22291946411133, 31.907939910888672, 29.108333587646484, 29.382625579833984, 28.542652130126953, 25.303152084350586, 26.5908203125, 24.49384307861328, 24.621213912963867, 25.65237045288086, 23.760114669799805, 23.65979766845703, 24.34449005126953, 23.29193878173828, 24.096145629882812, 23.535905838012695, 24.86397933959961, 23.699230194091797, 22.36105728149414, 24.016429901123047, 23.155799865722656, 23.199142456054688, 22.71426010131836, 21.692337036132812, 22.618053436279297, 22.42161750793457], "entropy": [3.586376667022705, 3.082923173904419, 3.248347759246826, 2.4293956756591797, 3.3402581214904785, 3.196047067642212, 2.8994760513305664, 3.210280656814575, 2.935035228729248, 2.9853549003601074, 3.279376745223999, 3.1444625854492188, 3.006333351135254, 3.0886054039001465, 2.917823314666748, 3.314769744873047, 2.923476457595825, 2.9056928157806396, 3.040022134780884, 3.1704883575439453, 3.2164483070373535, 3.12465763092041, 2.9895424842834473, 2.9999399185180664, 2.9763965606689453, 3.2281723022460938, 3.181488037109375, 3.090867519378662, 3.0395452976226807, 2.8518171310424805, 2.980746269226074], "avg_improvement": [0.14121699333190918, 0.0826883316040039, 0.1525377631187439, 0.1070449948310852, 0.11538046598434448, 0.056538522243499756, 0.060553789138793945, 0.0782785415649414, 0.05863535404205322, 0.07780930399894714, 0.060611069202423096, 0.06443199515342712, 0.03827807307243347, 0.043763548135757446, 0.040830641984939575, 0.0596623420715332, 0.025267422199249268, 0.02751407027244568, 0.0688493549823761, 0.05889198184013367, 0.029073208570480347, 0.03930169343948364, 0.06921359896659851, 0.03957056999206543, 0.059855252504348755, 0.042490482330322266, 0.03571918606758118, 0.029563993215560913, 0.04233938455581665, 0.031040340662002563, 0.026919573545455933], "curriculum_strength": [0.9681528662420382, 0.9363057324840764, 0.9044585987261147, 0.8726114649681529, 0.8407643312101911, 0.8089171974522293, 0.7770700636942676, 0.7452229299363058, 0.713375796178344, 0.6815286624203822, 0.6496815286624205, 0.6178343949044586, 0.5859872611464968, 0.554140127388535, 0.5222929936305732, 0.49044585987261147, 0.4585987261146497, 0.4267515923566879, 0.39490445859872614, 0.36305732484076436, 0.3312101910828026, 0.2993630573248408, 0.26751592356687903, 0.23566878980891715, 0.20382165605095537, 0.1719745222929936, 0.14012738853503182, 0.10828025477707004, 0.07643312101910826, 0.04458598726114649, 0.01273885350318471], "coverage": [0.06364106439680203, 0.12728212879360407, 0.1909231931904061, 0.22962491547671135, 0.26359333359850445, 0.2982777136947615, 0.3164949683783461, 0.3254047173938984, 0.3345133447356907, 0.3405990215186349, 0.344139055725707, 0.3472415576150511, 0.35070204049162723, 0.3524123940972913, 0.3544807286901873, 0.3562706336263474, 0.3570263712660594, 0.35790143590151546, 0.3594129111809395, 0.36032775148164353, 0.3615607971043316, 0.3625949644007796, 0.3639075613539636, 0.36466329899367567, 0.3655383636291317, 0.3664929795950837, 0.36728849290004373, 0.3681237818702518, 0.3691181735014518, 0.3698341354759158, 0.37039099478938786], "balance_std": [0.0, 0.0, 0.0, 0.311148077249527, 0.40528762340545654, 0.44908249378204346, 0.5826514959335327, 0.6947784423828125, 0.7660791873931885, 0.8773916363716125, 1.0070184469223022, 1.0977011919021606, 1.2055011987686157, 1.3488539457321167, 1.452186942100525, 1.55379319190979, 1.702525019645691, 1.8222744464874268, 1.9209320545196533, 2.0665931701660156, 2.1861143112182617, 2.2892699241638184, 2.4308886528015137, 2.554260730743408, 2.6677803993225098, 2.8043320178985596, 2.9329512119293213, 3.044633388519287, 3.174793004989624, 3.300318717956543, 3.4163036346435547], "unique_ratio": [1.0, 1.0, 1.0, 0.970625, 1.0, 1.0, 0.949375, 1.0, 1.0, 0.9275, 1.0, 1.0, 0.94125, 1.0, 1.0, 0.94875, 1.0, 1.0, 0.978125, 1.0, 1.0, 1.0, 0.98875, 1.0, 1.0, 0.96, 1.0, 1.0, 0.9425, 1.0, 1.0], "easy_ratio": [0.708125, 0.5546875, 0.40125, 0.313125, 0.254875, 0.2140625, 0.18535714285714286, 0.1634375, 0.14625, 0.133125, 0.12125, 0.11140625, 0.10375, 0.09665178571428572, 0.090375, 0.0854296875, 0.08047794117647059, 0.07600694444444445, 0.0725, 0.06909375, 0.06601190476190476, 0.0631534090909091, 0.0610054347826087, 0.058567708333333336, 0.056325, 0.05447115384615384, 0.05261574074074074, 0.050870535714285715, 0.04941810344827586, 0.04789583333333333, 0.04643145161290323], "hard_ratio": [0.291875, 0.4453125, 0.59875, 0.686875, 0.745125, 0.7859375, 0.8146428571428571, 0.8365625, 0.85375, 0.866875, 0.87875, 0.88859375, 0.89625, 0.9033482142857143, 0.909625, 0.9145703125, 0.9195220588235294, 0.9239930555555556, 0.9275, 0.93090625, 0.9339880952380952, 0.936846590909091, 0.9389945652173913, 0.9414322916666666, 0.943675, 0.9455288461538461, 0.9473842592592593, 0.9491294642857143, 0.9505818965517241, 0.9521041666666666, 0.9535685483870968], "val_loss": [17.512846429817014, 12.064045519125266, 10.492176065679457, 9.723176584869135, 9.390229022405187, 9.181156087117117, 9.127885546840606, 8.91445914301716, 8.836546221717459, 8.74244148858258], "val_ppl": [40339690.96962172, 173519.54427192337, 36032.48118103006, 16700.21019527642, 11970.840609037477, 9712.374636144363, 9208.530363282644, 7438.7577367362, 6881.185462754903, 6263.168514903064]}