{"epoch": [0.0, 0.0, 0.0, 0.0, 1.0, 1.0, 1.0, 1.0, 2.0, 2.0, 2.0, 2.0, 3.0, 3.0, 3.0, 3.0, 4.0, 4.0, 4.0, 4.0, 5.0, 5.0, 5.0, 5.0, 6.0, 6.0, 6.0, 6.0, 6.0, 7.0, 7.0, 7.0, 7.0, 8.0, 8.0, 8.0, 8.0, 9.0, 9.0, 9.0, 9.0], "step": [100.0, 200.0, 300.0, 315.0, 400.0, 500.0, 600.0, 630.0, 700.0, 800.0, 900.0, 945.0, 1000.0, 1100.0, 1200.0, 1260.0, 1300.0, 1400.0, 1500.0, 1575.0, 1600.0, 1700.0, 1800.0, 1890.0, 1900.0, 2000.0, 2100.0, 2200.0, 2205.0, 2300.0, 2400.0, 2500.0, 2520.0, 2600.0, 2700.0, 2800.0, 2835.0, 2900.0, 3000.0, 3100.0, 3150.0], "loss_lm": [23.910858154296875, 18.028148651123047, 15.220000267028809, 14.980775833129883, 13.494956970214844, 10.694141387939453, 10.070247650146484, 9.789119720458984, 9.468534469604492, 9.389555931091309, 8.252754211425781, 8.31014633178711, 8.069814682006836, 8.198908805847168, 8.087868690490723, 7.664942741394043, 7.797804832458496, 7.6893720626831055, 7.7622222900390625, 7.705886363983154, 7.442812442779541, 7.716631889343262, 7.363059997558594, 7.384664535522461, 7.5943121910095215, 7.473822593688965, 7.528604984283447, 7.281465530395508, 7.326401710510254, 7.074260234832764, 7.037755489349365], "loss_router": [3.237048387527466, 3.22409725189209, 3.3853094577789307, 3.1582915782928467, 3.1880226135253906, 3.1353094577789307, 3.1045970916748047, 3.0707476139068604, 3.178281307220459, 3.1636574268341064, 2.990750551223755, 3.01656436920166, 2.991908311843872, 3.022099733352661, 3.1199254989624023, 3.092221975326538, 2.9790842533111572, 3.0596184730529785, 3.0276191234588623, 3.0444536209106445, 3.0577006340026855, 3.0677554607391357, 3.4504358768463135, 3.0645339488983154, 3.1312854290008545, 3.0113892555236816, 3.0341031551361084, 3.0726118087768555, 3.0362775325775146, 3.2711164951324463, 3.005028009414673], "reinforce": [3.2536604404449463, 3.2421748638153076, 3.403581142425537, 3.1731512546539307, 3.2033989429473877, 3.1517176628112793, 3.1198596954345703, 3.0868663787841797, 3.192462921142578, 3.178927183151245, 3.006329298019409, 3.0328407287597656, 3.0065929889678955, 3.037379741668701, 3.134993076324463, 3.108335494995117, 2.9934377670288086, 3.0745604038238525, 3.043436288833618, 3.0600807666778564, 3.073840618133545, 3.083493232727051, 3.463226556777954, 3.079340696334839, 3.145902156829834, 3.0272057056427, 3.049957275390625, 3.0876271724700928, 3.0504565238952637, 3.283970594406128, 3.0204474925994873], "entropy": [3.322415828704834, 3.615532398223877, 3.654359817504883, 2.9719533920288086, 3.0752811431884766, 3.2816290855407715, 3.0525050163269043, 3.2237374782562256, 2.8363280296325684, 3.0539519786834717, 3.115746021270752, 3.2552757263183594, 2.936952829360962, 3.0559942722320557, 3.0134966373443604, 3.222714900970459, 2.8707222938537598, 2.9883852005004883, 3.1634316444396973, 3.125450611114502, 3.2279839515686035, 3.1475555896759033, 2.5581438541412354, 2.9613265991210938, 2.923353433609009, 3.163311243057251, 3.1708340644836426, 3.003087043762207, 2.835801601409912, 2.570840358734131, 3.0838897228240967], "avg_improvement": [0.30563437938690186, 0.09124773740768433, 0.09403449296951294, 0.10368889570236206, 0.07406485080718994, 0.07417714595794678, 0.0750167965888977, 0.05737501382827759, 0.10089534521102905, 0.11325713992118835, 0.036912232637405396, 0.01785340905189514, 0.05877611041069031, 0.04498922824859619, 0.04113456606864929, 0.05979222059249878, 0.05834093689918518, 0.03593325614929199, 0.047208428382873535, 0.0341658890247345, 0.03944289684295654, 0.04913294315338135, 0.0660875141620636, 0.04238671064376831, 0.04081916809082031, 0.03461223840713501, 0.04575029015541077, 0.020993024110794067, 0.04082143306732178, 0.028177231550216675, 0.03474685549736023], "curriculum_strength": [0.9681528662420382, 0.9363057324840764, 0.9044585987261147, 0.8726114649681529, 0.8407643312101911, 0.8089171974522293, 0.7770700636942676, 0.7452229299363058, 0.713375796178344, 0.6815286624203822, 0.6496815286624205, 0.6178343949044586, 0.5859872611464968, 0.554140127388535, 0.5222929936305732, 0.49044585987261147, 0.4585987261146497, 0.4267515923566879, 0.39490445859872614, 0.36305732484076436, 0.3312101910828026, 0.2993630573248408, 0.26751592356687903, 0.23566878980891715, 0.20382165605095537, 0.1719745222929936, 0.14012738853503182, 0.10828025477707004, 0.07643312101910826, 0.04458598726114649, 0.01273885350318471], "coverage": [0.06364106439680203, 0.12728212879360407, 0.1909231931904061, 0.24143828805536774, 0.2907203372976413, 0.3409172268406189, 0.37055009745037987, 0.3900799490871485, 0.4091722684061891, 0.42050833300186946, 0.42627580446282964, 0.43184439759754983, 0.436776580088302, 0.43932222266417403, 0.44178831390955015, 0.4444532834811662, 0.4457658804343503, 0.4468000477307983, 0.44823197167972634, 0.4489479336541904, 0.4499423252853904, 0.4507776142555984, 0.45224931386977446, 0.4528061731832465, 0.4536812378187025, 0.45459607811940655, 0.45507338610238257, 0.4557097967463506, 0.4565450857165586, 0.4570621693647826, 0.45726104769102266], "balance_std": [0.0, 0.0, 0.0, 0.22673796117305756, 0.29257985949516296, 0.3250270187854767, 0.43870705366134644, 0.5369554758071899, 0.5971742272377014, 0.703559160232544, 0.8180791139602661, 0.9035595059394836, 1.0017304420471191, 1.1338368654251099, 1.2352237701416016, 1.332147240638733, 1.4702703952789307, 1.5869812965393066, 1.6886225938796997, 1.8297367095947266, 1.949776530265808, 2.0558624267578125, 2.1963746547698975, 2.321922540664673, 2.434175491333008, 2.5699026584625244, 2.6996519565582275, 2.812734365463257, 2.942784309387207, 3.0692875385284424, 3.1911473274230957], "unique_ratio": [1.0, 1.0, 1.0, 0.98625, 1.0, 1.0, 0.955625, 1.0, 1.0, 0.93, 1.0, 1.0, 0.93375, 1.0, 1.0, 0.953125, 1.0, 1.0, 0.97625, 1.0, 1.0, 1.0, 0.9875, 1.0, 1.0, 0.9625, 1.0, 1.0, 0.945, 1.0, 1.0], "easy_ratio": [0.796875, 0.8046875, 0.6941666666666667, 0.611875, 0.52875, 0.4454166666666667, 0.3848214285714286, 0.337578125, 0.30125, 0.2725, 0.24789772727272727, 0.22765625, 0.21115384615384616, 0.19642857142857142, 0.18345833333333333, 0.1726171875, 0.1625735294117647, 0.15354166666666666, 0.14592105263157895, 0.13884375, 0.1324107142857143, 0.1265909090909091, 0.12168478260869565, 0.11666666666666667, 0.112075, 0.10805288461538462, 0.10416666666666667, 0.10060267857142857, 0.09741379310344828, 0.09422916666666667, 0.09125], "hard_ratio": [0.203125, 0.1953125, 0.30583333333333335, 0.388125, 0.47125, 0.5545833333333333, 0.6151785714285715, 0.662421875, 0.69875, 0.7275, 0.7521022727272727, 0.77234375, 0.7888461538461539, 0.8035714285714286, 0.8165416666666667, 0.8273828125, 0.8374264705882353, 0.8464583333333333, 0.854078947368421, 0.86115625, 0.8675892857142857, 0.8734090909090909, 0.8783152173913044, 0.8833333333333333, 0.887925, 0.8919471153846154, 0.8958333333333334, 0.8993973214285714, 0.9025862068965518, 0.9057708333333333, 0.90875], "val_loss": [19.047416939110054, 12.447267654489298, 10.517523964897531, 9.708984014440755, 9.28585821194727, 9.18121204855012, 9.106425557468759, 8.852911075607675, 8.797311997315923, 8.756551571556779], "val_ppl": [187149241.4442855, 254553.8425016782, 36957.503035034526, 16464.865310763642, 10784.424669288665, 9712.91816975519, 9013.02072012082, 6994.721524157423, 6616.43508651723, 6352.168766178468]}