{"epoch": [0.0, 0.0, 0.0, 0.0, 1.0, 1.0, 1.0, 1.0, 2.0, 2.0, 2.0, 2.0, 3.0, 3.0, 3.0, 3.0, 4.0, 4.0, 4.0, 4.0, 5.0, 5.0, 5.0, 5.0, 6.0, 6.0, 6.0, 6.0, 6.0, 7.0, 7.0, 7.0, 7.0, 8.0, 8.0, 8.0, 8.0, 9.0, 9.0, 9.0, 9.0], "step": [100.0, 200.0, 300.0, 315.0, 400.0, 500.0, 600.0, 630.0, 700.0, 800.0, 900.0, 945.0, 1000.0, 1100.0, 1200.0, 1260.0, 1300.0, 1400.0, 1500.0, 1575.0, 1600.0, 1700.0, 1800.0, 1890.0, 1900.0, 2000.0, 2100.0, 2200.0, 2205.0, 2300.0, 2400.0, 2500.0, 2520.0, 2600.0, 2700.0, 2800.0, 2835.0, 2900.0, 3000.0, 3100.0, 3150.0], "loss_lm": [24.075645446777344, 15.722593307495117, 10.981687545776367, 9.206939697265625, 7.675451278686523, 6.727694511413574, 5.7917656898498535, 5.630133628845215, 5.00560188293457, 5.294919967651367, 5.054169654846191, 4.765307903289795, 4.854220390319824, 4.402726173400879, 4.453169822692871, 4.491364002227783, 4.339637756347656, 4.0124287605285645, 4.066218376159668, 3.968447208404541, 3.875260829925537, 3.9855000972747803, 4.078011512756348, 3.858182430267334, 3.7696385383605957, 3.7574028968811035, 3.880983352661133, 3.662879467010498, 3.520169734954834, 3.654582977294922, 9.327163696289062], "loss_router": [0.3395739495754242, 0.19987501204013824, 0.3233293890953064, 0.20888228714466095, 0.34293875098228455, 0.22918161749839783, 0.22314752638339996, 0.182077556848526, 0.16903018951416016, 0.10456740856170654, 0.06993775069713593, 0.1618465781211853, 0.12229208648204803, 0.08993344753980637, 0.17718379199504852, 0.10310741513967514, 0.10983578115701675, 0.16629250347614288, 0.14088082313537598, 0.16386590898036957, 0.1168779730796814, 0.07933830469846725, 0.14380382001399994, 0.12704066932201385, 0.0891929641366005, 0.1692150980234146, 0.14879600703716278, 0.06904470920562744, 0.12324801087379456, 0.09714560210704803, 0.14341643452644348], "reinforce": [0.3580600619316101, 0.216941237449646, 0.3412896394729614, 0.22356873750686646, 0.3580511808395386, 0.24588914215564728, 0.2386782467365265, 0.19822898507118225, 0.18297865986824036, 0.12153173983097076, 0.08284898102283478, 0.1780451238155365, 0.1386125683784485, 0.10675883293151855, 0.1931665688753128, 0.11910204589366913, 0.1265140026807785, 0.18325060606002808, 0.1573455035686493, 0.17842131853103638, 0.13214290142059326, 0.09603826701641083, 0.15998545289039612, 0.14348085224628448, 0.1051107868552208, 0.18571656942367554, 0.16358095407485962, 0.08443877846002579, 0.13876011967658997, 0.11394934356212616, 0.1596413552761078], "entropy": [3.697221040725708, 3.4132447242736816, 3.5920515060424805, 2.937291145324707, 3.0224876403808594, 3.3415045738220215, 3.106144666671753, 3.230285167694092, 2.7896947860717773, 3.392867088317871, 2.582246780395508, 3.2397098541259766, 3.264096975326538, 3.365077495574951, 3.196554660797119, 3.1989262104034424, 3.3356447219848633, 3.3916215896606445, 3.2929372787475586, 2.9110822677612305, 3.0529861450195312, 3.3399922847747803, 3.2363271713256836, 3.288036584854126, 3.183565139770508, 3.300294876098633, 2.9569900035858154, 3.0788145065307617, 3.102421283721924, 3.360748529434204, 3.244985580444336], "avg_improvement": [0.10876893997192383, 0.06024277210235596, 0.09377175569534302, 0.06557905673980713, 0.10948961973190308, 0.08125269412994385, 0.0786261260509491, 0.06046938896179199, 0.051383525133132935, 0.04062372446060181, 0.03045213222503662, 0.06198093295097351, 0.0471627414226532, 0.03354032337665558, 0.059086740016937256, 0.03451922535896301, 0.04120434820652008, 0.05956229567527771, 0.04932886362075806, 0.052838101983070374, 0.04346993565559387, 0.030408382415771484, 0.053655028343200684, 0.04791709780693054, 0.03258952498435974, 0.05829077959060669, 0.05683480203151703, 0.029029712080955505, 0.04579441249370575, 0.03670923411846161, 0.05341717600822449], "curriculum_strength": [0.9681528662420382, 0.9363057324840764, 0.9044585987261147, 0.8726114649681529, 0.8407643312101911, 0.8089171974522293, 0.7770700636942676, 0.7452229299363058, 0.713375796178344, 0.6815286624203822, 0.6496815286624205, 0.6178343949044586, 0.5859872611464968, 0.554140127388535, 0.5222929936305732, 0.49044585987261147, 0.4585987261146497, 0.4267515923566879, 0.39490445859872614, 0.36305732484076436, 0.3312101910828026, 0.2993630573248408, 0.26751592356687903, 0.23566878980891715, 0.20382165605095537, 0.1719745222929936, 0.14012738853503182, 0.10828025477707004, 0.07643312101910826, 0.04458598726114649, 0.01273885350318471], "coverage": [0.06364106439680203, 0.12728212879360407, 0.1909231931904061, 0.23276719303130344, 0.2683266377630166, 0.30531800644365775, 0.32687641700807446, 0.343303766755499, 0.3600493218249075, 0.37078875144186785, 0.3783063521737401, 0.38562507457937234, 0.39270514299351655, 0.3970009148403007, 0.40062050037786884, 0.40435941291118094, 0.406507298834573, 0.4093711467324291, 0.4122349946302852, 0.4145419832146693, 0.41633188815082933, 0.41816156875223737, 0.4192752873791814, 0.42074698699335744, 0.42269599459050955, 0.42392904021319755, 0.4247643291834056, 0.4256393938188616, 0.42707131776778967, 0.4283839147209737, 0.4716996141760471], "balance_std": [0.0, 0.0, 0.0, 0.2913316786289215, 0.38901621103286743, 0.4333881139755249, 0.5530887842178345, 0.6516614556312561, 0.7167550921440125, 0.8169835805892944, 0.9224700927734375, 1.0010967254638672, 1.0897847414016724, 1.202078938484192, 1.2866452932357788, 1.3706305027008057, 1.4899733066558838, 1.586759328842163, 1.6681395769119263, 1.7831571102142334, 1.8843767642974854, 1.9650254249572754, 2.0782623291015625, 2.180354595184326, 2.266976833343506, 2.3768222332000732, 2.479621410369873, 2.5686662197113037, 2.6623001098632812, 2.768143892288208, 2.8332693576812744], "unique_ratio": [1.0, 1.0, 1.0, 0.983125, 1.0, 1.0, 0.951875, 1.0, 1.0, 0.936875, 1.0, 1.0, 0.94375, 1.0, 1.0, 0.958125, 1.0, 1.0, 0.976875, 1.0, 1.0, 1.0, 0.99375, 1.0, 1.0, 0.96375, 1.0, 1.0, 0.95, 1.0, 1.0], "easy_ratio": [0.7725, 0.818125, 0.8602083333333334, 0.88375, 0.903125, 0.9178125, 0.9288392857142858, 0.9375, 0.9442361111111112, 0.949625, 0.9541477272727272, 0.95796875, 0.9610576923076923, 0.96375, 0.9661666666666666, 0.9682421875, 0.970110294117647, 0.9717708333333334, 0.9732565789473684, 0.97459375, 0.9758035714285714, 0.9769034090909091, 0.9778532608695653, 0.9787760416666667, 0.979625, 0.9802644230769231, 0.9809722222222222, 0.9816517857142857, 0.9822198275862069, 0.9824166666666667, 0.9594153225806452], "hard_ratio": [0.2275, 0.181875, 0.13979166666666668, 0.11625, 0.096875, 0.0821875, 0.07116071428571429, 0.0625, 0.05576388888888889, 0.050375, 0.04585227272727273, 0.04203125, 0.03894230769230769, 0.03625, 0.03383333333333333, 0.0317578125, 0.02988970588235294, 0.028229166666666666, 0.02674342105263158, 0.02540625, 0.02419642857142857, 0.02309659090909091, 0.022146739130434783, 0.021223958333333334, 0.020375, 0.01973557692307692, 0.01902777777777778, 0.018348214285714287, 0.017780172413793104, 0.017583333333333333, 0.04058467741935484], "val_loss": [21.142151367468912, 17.49778693230426, 16.45706337983491, 15.816463197841019, 15.541040285688933, 15.323390679281266, 15.256498451115656, 14.8559051888888, 14.616021800236624, 10.382484800502903], "val_ppl": [1520266320.7381988, 39736746.906131774, 14034980.520230567, 7396098.56235514, 5615494.925295748, 4517144.8383214, 4224867.473724512, 2830333.7312086266, 2226679.009986853, 32289.093850391102]}