{"epoch": [0.0, 0.0, 0.0, 0.0, 1.0, 1.0, 1.0, 1.0, 2.0, 2.0, 2.0, 2.0, 3.0, 3.0, 3.0, 3.0, 4.0, 4.0, 4.0, 4.0, 5.0, 5.0, 5.0, 5.0, 6.0, 6.0, 6.0, 6.0, 6.0, 7.0, 7.0, 7.0, 7.0, 8.0, 8.0, 8.0, 8.0, 9.0, 9.0, 9.0, 9.0], "step": [100.0, 200.0, 300.0, 315.0, 400.0, 500.0, 600.0, 630.0, 700.0, 800.0, 900.0, 945.0, 1000.0, 1100.0, 1200.0, 1260.0, 1300.0, 1400.0, 1500.0, 1575.0, 1600.0, 1700.0, 1800.0, 1890.0, 1900.0, 2000.0, 2100.0, 2200.0, 2205.0, 2300.0, 2400.0, 2500.0, 2520.0, 2600.0, 2700.0, 2800.0, 2835.0, 2900.0, 3000.0, 3100.0, 3150.0], "loss_lm": [23.029451370239258, 18.850971221923828, 14.6678466796875, 14.56937026977539, 12.95637035369873, 8.614585876464844, 10.156837463378906, 9.96589469909668, 9.901997566223145, 9.015217781066895, 8.786956787109375, 8.600518226623535, 8.227119445800781, 8.30308723449707, 8.144728660583496, 7.978495121002197, 7.156579971313477, 6.782245635986328, 7.440771579742432, 7.332285404205322, 7.506258964538574, 5.9870476722717285, 5.641749382019043, 5.9206647872924805, 7.882571220397949, 7.786775588989258, 6.141700744628906, 7.249877452850342, 6.664454460144043, 7.597295761108398, 7.578553199768066], "loss_router": [0.011065531522035599, -0.03984832018613815, -0.02684899978339672, -0.02942032925784588, -0.01432565227150917, -0.01858450658619404, 0.01256080623716116, 0.00041673891246318817, -0.7955428957939148, -1.4894696474075317, -0.41066601872444153, -0.42697572708129883, 0.0674954280257225, 0.13074272871017456, -0.41985970735549927, -0.026873111724853516, 0.018689554184675217, -0.11428040266036987, -0.023625820875167847, 0.051164425909519196, -0.20108601450920105, -0.23865653574466705, 0.002156320959329605, 0.0801585391163826, 0.028683913871645927, 0.04702315106987953, -0.016116062179207802, -0.21336629986763, -0.2851738929748535, -0.18269933760166168, -0.18547485768795013], "reinforce": [0.02934017777442932, -0.02169959992170334, -0.010892361402511597, -0.014505866914987564, 0.0038149673491716385, -0.0004564765840768814, 0.025537986308336258, 0.01172359474003315, -0.79554283618927, -1.489469289779663, -0.41066044569015503, -0.42697572708129883, 0.0675053820014, 0.13393232226371765, -0.41985970735549927, -0.026873111724853516, 0.02206033281981945, -0.11425425112247467, -0.023607628419995308, 0.05585635453462601, -0.20108601450920105, -0.2355063557624817, 0.003663569688796997, 0.08119724690914154, 0.029172435402870178, 0.04704079031944275, -0.01611604169011116, -0.21332302689552307, -0.2850683331489563, -0.1826993227005005, -0.18547485768795013], "entropy": [3.6549293994903564, 3.6297435760498047, 3.1913278102874756, 2.9828925132751465, 3.6281239986419678, 3.625606060028076, 2.5954360961914062, 2.26137113571167, 1.5880104911047965e-05, 6.700200901832432e-05, 0.0011128491023555398, 2.089556119244662e-06, 0.0019905013032257557, 0.6379186511039734, 6.072949082632992e-14, 5.521287316234691e-10, 0.6741557121276855, 0.005230125971138477, 0.003638459835201502, 0.9383858442306519, 1.0105137751081083e-28, 0.6300362944602966, 0.3014497756958008, 0.20774206519126892, 0.09770425409078598, 0.0035280869342386723, 3.983670012530638e-06, 0.008655850775539875, 0.02111147902905941, 3.2822772482177243e-06, 2.388056863367183e-09], "avg_improvement": [0.17886805534362793, 0.2034834623336792, 0.08240556716918945, 0.07509338855743408, 0.08369028568267822, 0.06736904382705688, 0.09114551544189453, 0.10859471559524536, 0.11063307523727417, 0.12292379140853882, 0.07563644647598267, 0.0808422863483429, 0.03405752778053284, 0.05522379279136658, 0.05675634741783142, 0.03398534655570984, 0.0433063805103302, 0.07128867506980896, 0.04557731747627258, 0.06369656324386597, 0.04410654306411743, 0.045262426137924194, 0.04094560444355011, 0.027092933654785156, 0.04475444555282593, 0.03603276610374451, 0.05263659358024597, 0.050283998250961304, 0.0395408570766449, 0.044124752283096313, 0.04078775644302368], "curriculum_strength": [0.9681528662420382, 0.9363057324840764, 0.9044585987261147, 0.8726114649681529, 0.8407643312101911, 0.8089171974522293, 0.7770700636942676, 0.7452229299363058, 0.713375796178344, 0.6815286624203822, 0.6496815286624205, 0.6178343949044586, 0.5859872611464968, 0.554140127388535, 0.5222929936305732, 0.49044585987261147, 0.4585987261146497, 0.4267515923566879, 0.39490445859872614, 0.36305732484076436, 0.3312101910828026, 0.2993630573248408, 0.26751592356687903, 0.23566878980891715, 0.20382165605095537, 0.1719745222929936, 0.14012738853503182, 0.10828025477707004, 0.07643312101910826, 0.04458598726114649, 0.01273885350318471], "coverage": [0.06364106439680203, 0.12728212879360407, 0.1909231931904061, 0.24259178234755976, 0.2947774551529374, 0.344218607056203, 0.37715285788154806, 0.405791336860109, 0.4339922835209419, 0.4527266218527505, 0.46489797541863886, 0.47519987271787123, 0.4828765761107355, 0.4860984049958236, 0.49039417684260767, 0.4941728650411678, 0.5004176444851041, 0.5146573326438885, 0.5221749333757607, 0.5437731196054254, 0.5558251461755698, 0.5661668191400501, 0.5765482677697784, 0.5897140129668669, 0.6059027087228034, 0.6086472296249155, 0.6132214311284356, 0.6226084881269639, 0.6296885565411081, 0.6320750964559883, 0.6339047770573963], "balance_std": [0.0, 0.0, 0.0, 0.216602623462677, 0.2704809606075287, 0.3120322823524475, 0.41749387979507446, 0.4942726194858551, 0.5406512022018433, 0.6286619305610657, 0.7333366870880127, 0.8166529536247253, 0.917720377445221, 1.054632544517517, 1.155691146850586, 1.2564221620559692, 1.3829518556594849, 1.4626272916793823, 1.5610641241073608, 1.607915997505188, 1.6866264343261719, 1.7631675004959106, 1.836390495300293, 1.8996526002883911, 1.9605321884155273, 2.0852670669555664, 2.1904404163360596, 2.247157335281372, 2.3225138187408447, 2.4302785396575928, 2.5399138927459717], "unique_ratio": [1.0, 1.0, 1.0, 0.9725, 1.0, 1.0, 0.968125, 1.0, 1.0, 0.938125, 1.0, 1.0, 0.935625, 1.0, 1.0, 0.955, 1.0, 1.0, 0.9725, 1.0, 1.0, 1.0, 0.989375, 1.0, 1.0, 0.9575, 1.0, 1.0, 0.956875, 1.0, 1.0], "easy_ratio": [0.91375, 0.9, 0.790625, 0.64828125, 0.5565, 0.5422916666666666, 0.4941964285714286, 0.44390625, 0.4013888888888889, 0.3760625, 0.359375, 0.33958333333333335, 0.315625, 0.29526785714285714, 0.27779166666666666, 0.2637109375, 0.25930147058823527, 0.2671875, 0.2650657894736842, 0.28553125, 0.29410714285714284, 0.3000284090909091, 0.3121195652173913, 0.32328125, 0.329975, 0.31879807692307693, 0.31372685185185184, 0.32375, 0.33012931034482756, 0.3268125, 0.31725806451612903], "hard_ratio": [0.08625, 0.1, 0.209375, 0.35171875, 0.4435, 0.45770833333333333, 0.5058035714285715, 0.55609375, 0.5986111111111111, 0.6239375, 0.640625, 0.6604166666666667, 0.684375, 0.7047321428571428, 0.7222083333333333, 0.7362890625, 0.7406985294117647, 0.7328125, 0.7349342105263158, 0.71446875, 0.7058928571428571, 0.6999715909090909, 0.6878804347826087, 0.67671875, 0.670025, 0.6812019230769231, 0.6862731481481481, 0.67625, 0.6698706896551724, 0.6731875, 0.682741935483871], "val_loss": [19.12355613317646, 12.582959964627126, 10.434996945936172, 9.494558068572498, 9.09236787674857, 9.032981445066264, 9.026170667566237, 8.83903589746991, 8.798985231118124, 8.547775576837727], "val_ppl": [201955136.30061436, 291548.0081304471, 34029.97204236622, 13287.221575609568, 8887.20496333424, 8374.791367722546, 8317.94632630997, 6898.338727522979, 6627.515196576309, 5155.274152182964]}