{"epoch": [0.0, 0.0, 0.0, 1.0, 1.0, 1.0, 1.0, 2.0, 2.0, 2.0, 3.0, 3.0, 3.0, 3.0, 4.0, 4.0, 4.0], "step": [100.0, 200.0, 250.0, 300.0, 400.0, 500.0, 500.0, 600.0, 700.0, 750.0, 800.0, 900.0, 1000.0, 1000.0, 1100.0, 1200.0, 1250.0], "loss_lm": [26.66138458251953, 20.062549591064453, 14.867053985595703, 12.668900489807129, 9.217435836791992, 14.774539947509766, 12.751256942749023, 11.819522857666016, 11.254276275634766, 10.819786071777344, 10.380083084106445, 9.572111129760742], "loss_router": [-0.01250311080366373, -0.011225545778870583, -0.11790502816438675, -0.054157234728336334, 0.03099559061229229, -0.06813923269510269, -0.04294035583734512, -0.01970348320901394, -0.1362520158290863, -0.27512410283088684, -0.35289353132247925, -0.21767735481262207], "reinforce": [-0.0, 0.005631651729345322, -0.1035335436463356, -0.04119482636451721, 0.039928361773490906, -0.05581793189048767, -0.035939931869506836, -0.01694943755865097, -0.13067206740379333, -0.27162736654281616, -0.3528933823108673, -0.2176743745803833], "entropy": [2.500622272491455, 3.3714396953582764, 2.8742971420288086, 2.5924816131591797, 1.786554217338562, 2.4642605781555176, 1.4000849723815918, 0.5508090257644653, 1.115990400314331, 0.6993448734283447, 3.1687603041063994e-05, 0.0005961194401606917], "avg_improvement": [0.0, 0.13095855712890625, 0.22850137948989868, 0.2830716371536255, 0.06819230318069458, 0.11875569820404053, 0.15956783294677734, 0.09805244207382202, 0.11268407106399536, 0.1695321798324585, 0.041235387325286865, 0.1371912956237793], "curriculum_strength": [0.92, 0.84, 0.76, 0.6799999999999999, 0.6, 0.52, 0.43999999999999995, 0.36, 0.28, 0.19999999999999996, 0.12, 0.040000000000000036], "coverage": [0.08, 0.16, 0.2319, 0.29565, 0.3583, 0.40515, 0.4634, 0.50975, 0.54435, 0.57675, 0.585, 0.59225], "balance_std": [0.0, 0.0, 0.18359963595867157, 0.2749137580394745, 0.3206835389137268, 0.4145381450653076, 0.4381535053253174, 0.4867420494556427, 0.5483368635177612, 0.5899516344070435, 0.7238776087760925, 0.8190434575080872], "unique_ratio": [1.0, 1.0, 0.9775, 1.0, 1.0, 1.0, 1.0, 0.93375, 1.0, 1.0, 1.0, 1.0], "easy_ratio": [0.749375, 0.7525, 0.7589583333333333, 0.75765625, 0.790625, 0.8034375, 0.7035714285714286, 0.62125, 0.5551388888888888, 0.5015, 0.4578409090909091, 0.4206770833333333], "hard_ratio": [0.250625, 0.2475, 0.24104166666666665, 0.24234375, 0.209375, 0.1965625, 0.29642857142857143, 0.37875, 0.4448611111111111, 0.4985, 0.5421590909090909, 0.5793229166666667], "val_loss": [24.73217513717589, 19.051646692831007, 13.44040836369405, 11.493236432310011, 10.547768659278995], "val_ppl": [55086754674.54803, 187942513.13390893, 687219.0453534822, 98050.35304785075, 38092.34640889213]}