{"epoch": [0.0, 0.0, 0.0, 0.0, 1.0, 1.0, 1.0, 1.0, 2.0, 2.0, 2.0, 2.0, 3.0, 3.0, 3.0, 3.0, 4.0, 4.0, 4.0, 4.0, 5.0, 5.0, 5.0, 5.0, 6.0, 6.0, 6.0, 6.0, 6.0, 7.0, 7.0, 7.0, 7.0, 8.0, 8.0, 8.0, 8.0, 9.0, 9.0, 9.0, 9.0], "step": [100.0, 200.0, 300.0, 315.0, 400.0, 500.0, 600.0, 630.0, 700.0, 800.0, 900.0, 945.0, 1000.0, 1100.0, 1200.0, 1260.0, 1300.0, 1400.0, 1500.0, 1575.0, 1600.0, 1700.0, 1800.0, 1890.0, 1900.0, 2000.0, 2100.0, 2200.0, 2205.0, 2300.0, 2400.0, 2500.0, 2520.0, 2600.0, 2700.0, 2800.0, 2835.0, 2900.0, 3000.0, 3100.0, 3150.0], "loss_lm": [23.41942596435547, 17.60006332397461, 16.350238800048828, 14.171294212341309, 13.228826522827148, 10.701422691345215, 10.053112983703613, 10.025943756103516, 9.850248336791992, 9.248180389404297, 8.911346435546875, 8.162117004394531, 7.4437575340271, 5.960896015167236, 8.418216705322266, 8.148317337036133, 7.792298316955566, 7.878283500671387, 5.038878917694092, 7.904226779937744, 7.982352256774902, 8.051108360290527, 7.339592933654785, 7.551486968994141, 7.489842414855957, 5.44374942779541, 7.686758995056152, 7.598265647888184, 6.257594585418701, 7.522154331207275, 5.995429039001465], "loss_router": [0.053582727909088135, 0.01261633075773716, -0.10809247195720673, -0.029641013592481613, -0.051548104733228683, -0.04830220341682434, 0.04765240475535393, 0.026198670268058777, -0.7591384649276733, -1.2619655132293701, -0.762748658657074, 0.030014969408512115, 0.07678592950105667, -0.039484500885009766, -0.665937066078186, -0.12277305126190186, -0.04063835367560387, -0.05283009633421898, -0.029038920998573303, -0.010745587758719921, -0.33070075511932373, 0.004532760940492153, -0.28406181931495667, -0.04249691590666771, -0.02465839311480522, -0.011860452592372894, 0.011503815650939941, -0.19463197886943817, -0.28878307342529297, -0.13385258615016937, -0.1659514307975769], "reinforce": [0.07034578919410706, 0.028883539140224457, -0.09527118504047394, -0.017833217978477478, -0.04344334080815315, -0.03655976802110672, 0.05717009678483009, 0.03270468860864639, -0.7591376900672913, -1.2619655132293701, -0.7626832723617554, 0.030014969408512115, 0.07678782939910889, -0.037473127245903015, -0.665937066078186, -0.12277305126190186, -0.03623373061418533, -0.05282887443900108, -0.02903538942337036, -0.008523013442754745, -0.33070075511932373, 0.00453542172908783, -0.2806796133518219, -0.03897200897336006, -0.021302178502082825, -0.011765904724597931, 0.011503815650939941, -0.1946314573287964, -0.28844842314720154, -0.13385258615016937, -0.1659514307975769], "entropy": [3.352612018585205, 3.25344181060791, 2.5642569065093994, 2.3615593910217285, 1.620952844619751, 2.34848690032959, 1.9035382270812988, 1.3012034893035889, 0.00015582605556119233, 1.2489446987729025e-07, 0.013078435324132442, 9.13950657377427e-08, 0.0003794135991483927, 0.4022749960422516, 1.1328009883334268e-20, 4.687619821197586e-07, 0.880924642086029, 0.0002441529359202832, 0.0007064364617690444, 0.44451481103897095, 1.871954854916122e-29, 0.0005321764037944376, 0.6764435768127441, 0.7049816846847534, 0.6712431311607361, 0.0189095139503479, 5.019732185473913e-08, 0.00010502507211640477, 0.06692769378423691, 3.3609622029917574e-11, 8.711761978474897e-09], "avg_improvement": [0.12054157257080078, 0.10992252826690674, 0.15106838941574097, 0.11652344465255737, 0.06140953302383423, 0.10786539316177368, 0.039803266525268555, 0.05123865604400635, 0.12161058187484741, 0.09829172492027283, 0.08931216597557068, 0.03402978181838989, 0.05756458640098572, 0.07635343074798584, 0.10343378782272339, 0.07036957144737244, 0.047929972410202026, 0.03826528787612915, 0.05251142382621765, 0.029812663793563843, 0.07559257745742798, 0.022972166538238525, 0.09023374319076538, 0.033721745014190674, 0.0436040461063385, 0.049009889364242554, 0.03592875599861145, 0.06374603509902954, 0.05115407705307007, 0.02445054054260254, 0.044484496116638184], "curriculum_strength": [0.9681528662420382, 0.9363057324840764, 0.9044585987261147, 0.8726114649681529, 0.8407643312101911, 0.8089171974522293, 0.7770700636942676, 0.7452229299363058, 0.713375796178344, 0.6815286624203822, 0.6496815286624205, 0.6178343949044586, 0.5859872611464968, 0.554140127388535, 0.5222929936305732, 0.49044585987261147, 0.4585987261146497, 0.4267515923566879, 0.39490445859872614, 0.36305732484076436, 0.3312101910828026, 0.2993630573248408, 0.26751592356687903, 0.23566878980891715, 0.20382165605095537, 0.1719745222929936, 0.14012738853503182, 0.10828025477707004, 0.07643312101910826, 0.04458598726114649, 0.01273885350318471], "coverage": [0.06364106439680203, 0.12728212879360407, 0.1909231931904061, 0.24473966827095184, 0.2974026490593055, 0.35133845113559525, 0.3819259377113082, 0.4032456942842369, 0.4265144584543176, 0.43932222266417403, 0.4457658804343503, 0.45467562944990253, 0.4619545761902868, 0.4741259297561752, 0.499980112167376, 0.5098842528141283, 0.5140606976651685, 0.5176405075374886, 0.5401535340678573, 0.5471142754862575, 0.5494610397358896, 0.5520464579770097, 0.5542738952308978, 0.5553876138578417, 0.5574559484507379, 0.5747981384988664, 0.5841454198321467, 0.5855375681158267, 0.6008114235710592, 0.6022831231852352, 0.6079710433156994], "balance_std": [0.0, 0.0, 0.0, 0.19629457592964172, 0.2550590932369232, 0.28159084916114807, 0.39970502257347107, 0.4928990304470062, 0.545267641544342, 0.6589627265930176, 0.7815881371498108, 0.8607364296913147, 0.9581571221351624, 1.066420078277588, 1.1136889457702637, 1.2118549346923828, 1.3426026105880737, 1.454223394393921, 1.4821217060089111, 1.6028497219085693, 1.722037434577942, 1.8228236436843872, 1.9556504487991333, 2.0815086364746094, 2.1878039836883545, 2.226381540298462, 2.3176207542419434, 2.4353809356689453, 2.472959518432617, 2.5972366333007812, 2.688657760620117], "unique_ratio": [1.0, 1.0, 1.0, 0.97375, 1.0, 1.0, 0.95125, 1.0, 1.0, 0.926875, 1.0, 1.0, 0.936875, 1.0, 1.0, 0.956875, 1.0, 1.0, 0.985625, 1.0, 1.0, 1.0, 0.98875, 1.0, 1.0, 0.98125, 1.0, 1.0, 0.980625, 1.0, 1.0], "easy_ratio": [0.849375, 0.88, 0.8164583333333333, 0.67109375, 0.5755, 0.4896875, 0.43008928571428573, 0.386171875, 0.34979166666666667, 0.3205625, 0.29715909090909093, 0.2824479166666667, 0.2700961538461538, 0.27125, 0.29083333333333333, 0.2878125, 0.2766911764705882, 0.2675, 0.28766447368421055, 0.28215625, 0.2711607142857143, 0.26, 0.2497554347826087, 0.23986979166666667, 0.23215, 0.2453846153846154, 0.2452777777777778, 0.23741071428571428, 0.24857758620689654, 0.24229166666666666, 0.24223790322580646], "hard_ratio": [0.150625, 0.12, 0.18354166666666666, 0.32890625, 0.4245, 0.5103125, 0.5699107142857143, 0.613828125, 0.6502083333333334, 0.6794375, 0.7028409090909091, 0.7175520833333333, 0.7299038461538462, 0.72875, 0.7091666666666666, 0.7121875, 0.7233088235294117, 0.7325, 0.7123355263157894, 0.71784375, 0.7288392857142857, 0.74, 0.7502445652173914, 0.7601302083333333, 0.76785, 0.7546153846153846, 0.7547222222222222, 0.7625892857142857, 0.7514224137931035, 0.7577083333333333, 0.7577620967741936], "val_loss": [20.022412507260434, 12.360957798410634, 10.338435737813105, 9.486346102151714, 9.147573076310705, 9.257267385232645, 8.889042858217584, 8.701153076085888, 8.710734345873849, 8.808468193304343], "val_ppl": [496161733.5582939, 233504.77333040265, 30897.660183845088, 13178.554155485233, 9391.619953298123, 10480.455128590213, 7252.074596941957, 6009.838024008125, 6067.69664038336, 6690.662611630086]}