                            {"epoch": [0.0, 0.0, 0.0, 0.0, 1.0, 1.0, 1.0, 1.0, 2.0, 2.0, 2.0, 2.0, 3.0, 3.0, 3.0, 3.0, 4.0, 4.0, 4.0, 4.0, 5.0, 5.0, 5.0, 5.0, 6.0, 6.0, 6.0, 6.0, 6.0, 7.0, 7.0, 7.0, 7.0, 8.0, 8.0, 8.0, 8.0, 9.0, 9.0, 9.0, 9.0], "step": [100.0, 200.0, 300.0, 315.0, 400.0, 500.0, 600.0, 630.0, 700.0, 800.0, 900.0, 945.0, 1000.0, 1100.0, 1200.0, 1260.0, 1300.0, 1400.0, 1500.0, 1575.0, 1600.0, 1700.0, 1800.0, 1890.0, 1900.0, 2000.0, 2100.0, 2200.0, 2205.0, 2300.0, 2400.0, 2500.0, 2520.0, 2600.0, 2700.0, 2800.0, 2835.0, 2900.0, 3000.0, 3100.0, 3150.0], "loss_lm": [23.163192749023438, 18.254623413085938, 16.511520385742188, 12.527320861816406, 11.471502304077148, 10.903055191040039, 10.199527740478516, 10.185020446777344, 9.992311477661133, 7.044793605804443, 8.898416519165039, 8.460148811340332, 8.184659957885742, 8.307686805725098, 8.250543594360352, 8.02381706237793, 7.583256721496582, 6.385326385498047, 7.507817268371582, 7.592522621154785, 7.836948394775391, 6.558592796325684, 7.353381156921387, 7.675171852111816, 7.472851753234863, 7.722939491271973, 7.725695610046387, 7.585516929626465, 4.973252296447754, 7.308100700378418, 7.305744171142578], "loss_router": [0.04163035750389099, -0.05637853965163231, -0.09753541648387909, -0.06290467083454132, -0.012637753039598465, 0.045506395399570465, -0.02812604233622551, -0.03980068862438202, -0.6338608860969543, -1.0661779642105103, -0.7025728821754456, 0.08132976293563843, 0.08439958840608597, -0.11759760230779648, -0.765056848526001, -0.18969817459583282, 0.09650737792253494, 0.04053496941924095, 0.11839958280324936, 0.01298088300973177, -0.34592437744140625, 0.014113125391304493, -0.17593765258789062, -0.0727454423904419, -0.009387368336319923, -0.052505556493997574, -0.02045830339193344, -0.12101380527019501, -0.05339710786938667, -0.18128326535224915, -0.09622901678085327], "reinforce": [0.058432161808013916, -0.03898452967405319, -0.0835728719830513, -0.04694472253322601, 0.003312665969133377, 0.05813729017972946, -0.015774529427289963, -0.03144479915499687, -0.6338341236114502, -1.0661778450012207, -0.7025659680366516, 0.08132976293563843, 0.08485928177833557, -0.11383657902479172, -0.765056848526001, -0.18969817459583282, 0.09795577824115753, 0.046086326241493225, 0.11917857825756073, 0.018588591367006302, -0.34592437744140625, 0.014592960476875305, -0.17462846636772156, -0.06961211562156677, -0.005881544202566147, -0.05195797234773636, -0.02045830339193344, -0.12100192904472351, -0.04954351857304573, -0.18128326535224915, -0.09622901678085327], "entropy": [3.360360622406006, 3.47880220413208, 2.7925093173980713, 3.1919894218444824, 3.1900839805603027, 2.5261788368225098, 2.4703025817871094, 1.6711782217025757, 0.005356349050998688, 3.547585220076144e-05, 0.0013858032179996371, 1.3589510672318283e-07, 0.09193900972604752, 0.7522051334381104, 8.518932223056455e-15, 1.797770750044947e-07, 0.2896806597709656, 1.1102715730667114, 0.15579918026924133, 1.1215417385101318, 7.290427850398703e-29, 0.09596709161996841, 0.26183781027793884, 0.6266653537750244, 0.7011648416519165, 0.10951676219701767, 2.7373103783645547e-10, 0.002374925883486867, 0.7707178592681885, 5.985387185880597e-10, 3.125031611261875e-08], "avg_improvement": [0.1268155574798584, 0.1470487117767334, 0.11087685823440552, 0.1477223038673401, 0.05520731210708618, 0.07406234741210938, 0.0392647385597229, 0.047698915004730225, 0.11922276020050049, 0.13328391313552856, 0.048738032579422, 0.06145194172859192, 0.042452603578567505, 0.06487438082695007, 0.08563989400863647, 0.05099755525588989, 0.0295429527759552, 0.06429913640022278, 0.05494505167007446, 0.029602766036987305, 0.06832024455070496, 0.03713294863700867, 0.06226012110710144, 0.03415295481681824, 0.04289299249649048, 0.038262903690338135, 0.046620965003967285, 0.048177868127822876, 0.04472154378890991, 0.02344691753387451, 0.025931209325790405], "curriculum_strength": [0.9681528662420382, 0.9363057324840764, 0.9044585987261147, 0.8726114649681529, 0.8407643312101911, 0.8089171974522293, 0.7770700636942676, 0.7452229299363058, 0.713375796178344, 0.6815286624203822, 0.6496815286624205, 0.6178343949044586, 0.5859872611464968, 0.554140127388535, 0.5222929936305732, 0.49044585987261147, 0.4585987261146497, 0.4267515923566879, 0.39490445859872614, 0.36305732484076436, 0.3312101910828026, 0.2993630573248408, 0.26751592356687903, 0.23566878980891715, 0.20382165605095537, 0.1719745222929936, 0.14012738853503182, 0.10828025477707004, 0.07643312101910826, 0.04458598726114649, 0.01273885350318471], "coverage": [0.06364106439680203, 0.12728212879360407, 0.1909231931904061, 0.24247245535181575, 0.29219203691181733, 0.343502645081739, 0.3787836601567161, 0.40571178552961296, 0.4343104888429259, 0.45734059902151863, 0.47102342786683105, 0.47945586889940733, 0.48593930233483157, 0.4886042719064476, 0.4923431844397598, 0.4960423213078239, 0.4979117775744799, 0.5197088421303846, 0.5403921880593453, 0.5422218686607534, 0.5460005568593135, 0.5567399864762738, 0.5698261803428663, 0.5714569826180342, 0.5733264388846904, 0.5748776898293624, 0.5768266974265145, 0.5788950320194105, 0.5889980509924029, 0.6071755300107394, 0.6087267809554114], "balance_std": [0.0, 0.0, 0.0, 0.21767377853393555, 0.2847842276096344, 0.31490546464920044, 0.40908515453338623, 0.49221935868263245, 0.5419696569442749, 0.6155955791473389, 0.7151376008987427, 0.7986019849777222, 0.8987841606140137, 1.0329704284667969, 1.1332967281341553, 1.2339673042297363, 1.3736940622329712, 1.4316728115081787, 1.486111044883728, 1.623320460319519, 1.7346826791763306, 1.8042398691177368, 1.8798136711120605, 2.0082449913024902, 2.118011474609375, 2.2475478649139404, 2.370251178741455, 2.478976011276245, 2.5480568408966064, 2.5759921073913574, 2.6957504749298096], "unique_ratio": [1.0, 1.0, 1.0, 0.97875, 1.0, 1.0, 0.95125, 1.0, 1.0, 0.943125, 1.0, 1.0, 0.929375, 1.0, 1.0, 0.955625, 1.0, 1.0, 0.98, 1.0, 1.0, 1.0, 0.993125, 1.0, 1.0, 0.959375, 1.0, 1.0, 0.960625, 1.0, 1.0], "easy_ratio": [0.85, 0.8684375, 0.760625, 0.65640625, 0.610625, 0.541875, 0.47410714285714284, 0.423125, 0.3827083333333333, 0.3643125, 0.3477272727272727, 0.3230208333333333, 0.3015865384615385, 0.28151785714285715, 0.26366666666666666, 0.2485546875, 0.23577205882352942, 0.24989583333333334, 0.2627302631578947, 0.25325, 0.24842261904761906, 0.2533238636363636, 0.2609239130434783, 0.25158854166666667, 0.2455, 0.23807692307692307, 0.2321527777777778, 0.2278794642857143, 0.2339439655172414, 0.24891666666666667, 0.2423991935483871], "hard_ratio": [0.15, 0.1315625, 0.239375, 0.34359375, 0.389375, 0.458125, 0.5258928571428572, 0.576875, 0.6172916666666667, 0.6356875, 0.6522727272727272, 0.6769791666666667, 0.6984134615384615, 0.7184821428571428, 0.7363333333333333, 0.7514453125, 0.7642279411764706, 0.7501041666666667, 0.7372697368421053, 0.74675, 0.7515773809523809, 0.7466761363636364, 0.7390760869565217, 0.7484114583333333, 0.7545, 0.7619230769230769, 0.7678472222222222, 0.7721205357142857, 0.7660560344827586, 0.7510833333333333, 0.7576008064516129], "val_loss": [19.52788742057613, 12.503774626333206, 10.31941650148298, 9.402279018378648, 9.127481625216905, 9.082219661747823, 8.958779950122365, 8.75163626426556, 8.69178918541455, 8.593014594961385], "val_ppl": [302589427.72124153, 269352.0735247573, 30315.563348186595, 12115.961789001352, 9204.811589843477, 8797.471782522201, 7775.8647297413145, 6321.0225141353, 5953.825215981887, 5393.849462366331]}