{
  "epoch": [
    1,
    1,
    1,
    1,
    1,
    2,
    2,
    2,
    2,
    2,
    3,
    3,
    3,
    3,
    3,
    4,
    4,
    4,
    4,
    4,
    5,
    5,
    5,
    5,
    5,
    6,
    6,
    6,
    6,
    6
  ],
  "step": [
    100,
    200,
    300,
    400,
    500,
    100,
    200,
    300,
    400,
    500,
    100,
    200,
    300,
    400,
    500,
    100,
    200,
    300,
    400,
    500,
    100,
    200,
    300,
    400,
    500,
    100,
    200,
    300,
    400,
    500
  ],
  "loss_lm": [
    27.176189422607422,
    19.30843734741211,
    15.811692237854004,
    12.82879638671875,
    12.680667877197266,
    10.018896102905273,
    9.352495193481445,
    9.148004531860352,
    8.36605453491211,
    8.280281066894531,
    7.946667671203613,
    7.817829132080078,
    7.768725395202637,
    7.760228633880615,
    7.672781467437744,
    7.575201988220215,
    7.462223052978516,
    7.340815544128418,
    7.118110656738281,
    7.249726295471191,
    7.2287726402282715,
    7.185722351074219,
    7.202821731567383,
    7.053662300109863,
    7.01723575592041,
    6.905313491821289,
    7.030246734619141,
    6.966158390045166,
    6.798245429992676,
    6.946511268615723
  ],
  "epoch_val_loss": [
    [
      1,
      9.933720229101963
    ],
    [
      2,
      7.8747727362835995
    ],
    [
      3,
      7.381439451311455
    ],
    [
      4,
      7.181419591434667
    ],
    [
      5,
      7.021566641135294
    ],
    [
      6,
      6.935364840460605
    ]
  ],
  "epoch_val_ppl": [
    [
      1,
      20613.886489429235
    ],
    [
      2,
      2630.088398709587
    ],
    [
      3,
      1605.89971935938
    ],
    [
      4,
      1314.7733751023056
    ],
    [
      5,
      1120.5407285557712
    ],
    [
      6,
      1027.9942375061194
    ]
  ]
}