{
  "epoch": [
    1,
    1,
    2,
    2,
    3,
    3,
    4,
    4,
    5,
    5,
    6,
    6
  ],
  "step": [
    100,
    200,
    100,
    200,
    100,
    200,
    100,
    200,
    100,
    200,
    100,
    200
  ],
  "loss_lm": [
    27.780879974365234,
    20.372344970703125,
    14.119209289550781,
    12.138980865478516,
    10.040761947631836,
    9.762203216552734,
    9.04923152923584,
    8.457209587097168,
    8.218971252441406,
    8.19753646850586,
    8.010285377502441,
    7.848628044128418
  ],
  "loss_router": [
    -0.15919677913188934,
    -0.4782978296279907,
    -2.1756114959716797,
    -1.5533398389816284,
    -0.3048992156982422,
    -1.8711134195327759,
    -0.9730612635612488,
    -1.1505893468856812,
    -0.7937803864479065,
    -1.2968759536743164,
    -1.609133243560791,
    -1.5873465538024902
  ],
  "reinforce": [
    -0.12487363815307617,
    -0.44991087913513184,
    -2.175548553466797,
    -1.5501350164413452,
    -0.29473960399627686,
    -1.8635203838348389,
    -0.9730586409568787,
    -1.1505889892578125,
    -0.7906249761581421,
    -1.2968440055847168,
    -1.6089718341827393,
    -1.5797713994979858
  ],
  "entropy": [
    3.432313919067383,
    2.838695764541626,
    0.00628516124561429,
    0.32048463821411133,
    1.0159624814987183,
    0.7593073844909668,
    0.00026420343783684075,
    3.3175587304867804e-05,
    0.31554293632507324,
    0.003192625008523464,
    0.016142042353749275,
    0.7575167417526245
  ],
  "epoch_val_loss": [
    [
      1,
      15.211986619918072
    ],
    [
      2,
      9.844339151851466
    ],
    [
      3,
      8.420202661733159
    ],
    [
      4,
      7.866745190542252
    ],
    [
      5,
      7.544553600373815
    ],
    [
      6,
      7.392396051375592
    ]
  ],
  "epoch_val_ppl": [
    [
      1,
      4040934.8428653036
    ],
    [
      2,
      18851.33762414224
    ],
    [
      3,
      4537.823005084863
    ],
    [
      4,
      2609.0597608874323
    ],
    [
      5,
      1890.4186668490745
    ],
    [
      6,
      1623.5916651260495
    ]
  ]
}