{
  "epoch": [
    1,
    1,
    1,
    1,
    2,
    2,
    2,
    2,
    3,
    3,
    3,
    3,
    4,
    4,
    4,
    4,
    5,
    5,
    5,
    5,
    6,
    6,
    6,
    6,
    7,
    7,
    7,
    7,
    7,
    8,
    8,
    8,
    8,
    9,
    9,
    9,
    9,
    10,
    10,
    10,
    10
  ],
  "step": [
    100,
    200,
    300,
    315,
    400,
    500,
    600,
    630,
    700,
    800,
    900,
    945,
    1000,
    1100,
    1200,
    1260,
    1300,
    1400,
    1500,
    1575,
    1600,
    1700,
    1800,
    1890,
    1900,
    2000,
    2100,
    2200,
    2205,
    2300,
    2400,
    2500,
    2520,
    2600,
    2700,
    2800,
    2835,
    2900,
    3000,
    3100,
    3150
  ],
  "loss_lm": [
    25.8787899017334,
    18.632221221923828,
    11.872627258300781,
    11.686492919921875,
    10.15518569946289,
    9.76054573059082,
    9.275896072387695,
    8.105615615844727,
    6.915805816650391,
    7.13042688369751,
    6.276589393615723,
    7.386842727661133,
    7.020271301269531,
    6.685460090637207,
    6.614570140838623,
    6.192779541015625,
    5.60133695602417,
    5.942142486572266,
    5.963315486907959,
    5.6756272315979,
    5.630897045135498,
    5.873603820800781,
    6.651965618133545,
    5.983007907867432,
    5.886926651000977,
    4.855287551879883,
    5.469162940979004,
    5.402810096740723,
    5.8733320236206055,
    4.8585429191589355,
    5.25136661529541
  ],
  "entropy": [
    2.772588722239781,
    2.772588722239781,
    2.772588722239781,
    2.772588722239781,
    2.772588722239781,
    2.772588722239781,
    2.772588722239781,
    2.772588722239781,
    2.772588722239781,
    2.772588722239781,
    2.772588722239781,
    2.772588722239781,
    2.772588722239781,
    2.772588722239781,
    2.772588722239781,
    2.772588722239781,
    2.772588722239781,
    2.772588722239781,
    2.772588722239781,
    2.772588722239781,
    2.772588722239781,
    2.772588722239781,
    2.772588722239781,
    2.772588722239781,
    2.772588722239781,
    2.772588722239781,
    2.772588722239781,
    2.772588722239781,
    2.772588722239781,
    2.772588722239781,
    2.772588722239781
  ],
  "coverage": [
    0.06364106386899948,
    0.12728212773799896,
    0.19092319905757904,
    0.2432679682970047,
    0.29437971115112305,
    0.34557098150253296,
    0.3888866901397705,
    0.42798614501953125,
    0.46907442808151245,
    0.5052703022956848,
    0.5380852222442627,
    0.5693886280059814,
    0.6004534363746643,
    0.6256712079048157,
    0.65196293592453,
    0.6763851642608643,
    0.6971480846405029,
    0.7183883190155029,
    0.7376794815063477,
    0.7544648051261902,
    0.7704546451568604,
    0.7867626547813416,
    0.8002465963363647,
    0.8127759695053101,
    0.8253450393676758,
    0.8369595408439636,
    0.8474205732345581,
    0.8587168455123901,
    0.8682630062103271,
    0.8775307536125183,
    0.8860029578208923
  ],
  "balance_std": [
    0.0,
    0.0,
    0.0,
    0.21044372022151947,
    0.2727537155151367,
    0.3065354526042938,
    0.36688414216041565,
    0.42125362157821655,
    0.4508291780948639,
    0.49252644181251526,
    0.5343460440635681,
    0.568120002746582,
    0.6021245718002319,
    0.6425339579582214,
    0.6742344498634338,
    0.7018788456916809,
    0.7385843992233276,
    0.7661018967628479,
    0.7925682067871094,
    0.8263067007064819,
    0.854421079158783,
    0.8797153234481812,
    0.9112769365310669,
    0.9362260699272156,
    0.9609355330467224,
    0.9889572858810425,
    1.0151329040527344,
    1.0402350425720215,
    1.068129301071167,
    1.0945724248886108,
    1.1165192127227783
  ],
  "unique_ratio": [
    1.0,
    1.0,
    1.0,
    0.991875,
    1.0,
    1.0,
    0.988125,
    1.0,
    1.0,
    0.980625,
    1.0,
    1.0,
    0.983125,
    1.0,
    1.0,
    0.98875,
    1.0,
    1.0,
    0.99625,
    1.0,
    1.0,
    1.0,
    0.99875,
    1.0,
    1.0,
    0.986875,
    1.0,
    1.0,
    0.99125,
    1.0,
    1.0
  ],
  "easy_ratio": [
    0.70125,
    0.695625,
    0.691875,
    0.688125,
    0.688875,
    0.6966666666666667,
    0.6991964285714286,
    0.6996875,
    0.7004166666666667,
    0.700125,
    0.699659090909091,
    0.7010416666666667,
    0.6992307692307692,
    0.6994642857142858,
    0.7004166666666667,
    0.700546875,
    0.7008823529411765,
    0.7004513888888889,
    0.700625,
    0.70096875,
    0.7002083333333333,
    0.700625,
    0.7003804347826087,
    0.6998177083333333,
    0.700325,
    0.7002884615384616,
    0.7011574074074074,
    0.7011160714285715,
    0.7020474137931034,
    0.7017916666666667,
    0.7015725806451613
  ],
  "hard_ratio": [
    0.29875,
    0.304375,
    0.308125,
    0.311875,
    0.311125,
    0.30333333333333334,
    0.30080357142857145,
    0.3003125,
    0.2995833333333333,
    0.299875,
    0.3003409090909091,
    0.2989583333333333,
    0.3007692307692308,
    0.3005357142857143,
    0.2995833333333333,
    0.299453125,
    0.29911764705882354,
    0.2995486111111111,
    0.299375,
    0.29903125,
    0.2997916666666667,
    0.299375,
    0.2996195652173913,
    0.30018229166666666,
    0.299675,
    0.2997115384615385,
    0.2988425925925926,
    0.2988839285714286,
    0.2979525862068966,
    0.29820833333333335,
    0.2984274193548387
  ],
  "val_loss": [
    19.879580724434774,
    14.639088708846295,
    12.512019121256031,
    11.267890862754134,
    10.528969355293961,
    10.054773506571035,
    9.676078355703197,
    9.3806621803612,
    9.07491639012196,
    9.005055242386021
  ],
  "val_ppl": [
    430122549.30650365,
    2278638.5806706995,
    271581.92469516164,
    78267.7455398864,
    37382.926007265225,
    23266.585384445283,
    15931.895030797083,
    11856.863537423696,
    8733.455505144893,
    8144.150694677713
  ]
}