{
  "epoch": [
    1,
    1,
    2,
    2,
    3,
    3,
    3,
    4,
    4,
    5,
    5,
    5,
    6,
    6
  ],
  "step": [
    100,
    148,
    200,
    296,
    300,
    400,
    444,
    500,
    592,
    600,
    700,
    740,
    800,
    888
  ],
  "loss_lm": [
    27.501991271972656,
    20.374305725097656,
    15.283723831176758,
    13.178022384643555,
    11.641814231872559,
    10.773262977600098,
    9.736351013183594,
    9.282182693481445
  ],
  "entropy": [
    2.772588722239781,
    2.772588722239781,
    2.772588722239781,
    2.772588722239781,
    2.772588722239781,
    2.772588722239781,
    2.772588722239781,
    2.772588722239781
  ],
  "coverage": [
    0.16933009028434753,
    0.3164356052875519,
    0.44184568524360657,
    0.5376230478286743,
    0.6179490089416504,
    0.6858927011489868,
    0.7396550178527832,
    0.7848449349403381
  ],
  "balance_std": [
    0.0,
    0.25558391213417053,
    0.3568204343318939,
    0.4772863984107971,
    0.5739609003067017,
    0.654987096786499,
    0.7433925271034241,
    0.8191263675689697
  ],
  "unique_ratio": [
    1.0,
    0.95625,
    0.9925,
    1.0,
    0.956875,
    0.99125,
    1.0,
    0.965
  ],
  "val_loss": [
    21.80342065115444,
    14.432799831765596,
    11.266244930322053,
    9.750622870980717,
    8.93001255344172,
    8.379133342719468
  ],
  "val_ppl": [
    2945135464.588155,
    1853895.8204704244,
    78139.02807829766,
    17164.917008952012,
    7555.360221429405,
    4355.232795921943
  ]
}