{
  "epoch": [
    1,
    1,
    1,
    1,
    2,
    2,
    2,
    2,
    3,
    3,
    3,
    3,
    4,
    4,
    4,
    4,
    5,
    5,
    5,
    5,
    6,
    6,
    6,
    6,
    7,
    7,
    7,
    7,
    7,
    8,
    8,
    8,
    8,
    9,
    9,
    9,
    9,
    10,
    10,
    10,
    10,
    11,
    11,
    11,
    11,
    12,
    12,
    12,
    12,
    13,
    13,
    13,
    13,
    14,
    14,
    14,
    14,
    14,
    15,
    15,
    15,
    15,
    16,
    16,
    16,
    16,
    17,
    17,
    17,
    17,
    18,
    18,
    18,
    18,
    19,
    19,
    19,
    19,
    20,
    20,
    20,
    20,
    20
  ],
  "step": [
    100,
    200,
    300,
    315,
    400,
    500,
    600,
    630,
    700,
    800,
    900,
    945,
    1000,
    1100,
    1200,
    1260,
    1300,
    1400,
    1500,
    1575,
    1600,
    1700,
    1800,
    1890,
    1900,
    2000,
    2100,
    2200,
    2205,
    2300,
    2400,
    2500,
    2520,
    2600,
    2700,
    2800,
    2835,
    2900,
    3000,
    3100,
    3150,
    3200,
    3300,
    3400,
    3465,
    3500,
    3600,
    3700,
    3780,
    3800,
    3900,
    4000,
    4095,
    4100,
    4200,
    4300,
    4400,
    4410,
    4500,
    4600,
    4700,
    4725,
    4800,
    4900,
    5000,
    5040,
    5100,
    5200,
    5300,
    5355,
    5400,
    5500,
    5600,
    5670,
    5700,
    5800,
    5900,
    5985,
    6000,
    6100,
    6200,
    6300,
    6300
  ],
  "loss_lm": [
    25.878585815429688,
    18.677732467651367,
    11.720988273620605,
    11.695764541625977,
    10.191703796386719,
    9.734631538391113,
    9.26955795288086,
    8.10177230834961,
    6.917128086090088,
    7.125617980957031,
    6.275568962097168,
    7.391150951385498,
    7.027980327606201,
    6.687999725341797,
    6.619154453277588,
    6.198400974273682,
    5.600578308105469,
    5.948152542114258,
    5.965386867523193,
    5.682495594024658,
    5.629593372344971,
    5.872347831726074,
    6.657773017883301,
    5.989557266235352,
    5.891447067260742,
    4.85848331451416,
    5.472546577453613,
    5.408469200134277,
    5.881867408752441,
    4.8677449226379395,
    5.2489399909973145,
    4.8175153732299805,
    4.96035099029541,
    5.516698837280273,
    4.559324264526367,
    4.9350786209106445,
    4.536336898803711,
    5.338292598724365,
    5.463286399841309,
    4.789467811584473,
    4.473037242889404,
    4.54045295715332,
    5.099037170410156,
    4.7533040046691895,
    5.154823303222656,
    4.876036643981934,
    4.989259719848633,
    4.82021427154541,
    4.327366828918457,
    4.79106330871582,
    4.603248596191406,
    4.854898452758789,
    4.322052001953125,
    4.2435712814331055,
    5.075831413269043,
    4.392576217651367,
    4.672612190246582,
    4.52583646774292,
    4.201260566711426,
    4.388814926147461,
    4.329863548278809,
    4.485298156738281,
    4.720070838928223
  ],
  "entropy": [
    2.772588722239781,
    2.772588722239781,
    2.772588722239781,
    2.772588722239781,
    2.772588722239781,
    2.772588722239781,
    2.772588722239781,
    2.772588722239781,
    2.772588722239781,
    2.772588722239781,
    2.772588722239781,
    2.772588722239781,
    2.772588722239781,
    2.772588722239781,
    2.772588722239781,
    2.772588722239781,
    2.772588722239781,
    2.772588722239781,
    2.772588722239781,
    2.772588722239781,
    2.772588722239781,
    2.772588722239781,
    2.772588722239781,
    2.772588722239781,
    2.772588722239781,
    2.772588722239781,
    2.772588722239781,
    2.772588722239781,
    2.772588722239781,
    2.772588722239781,
    2.772588722239781,
    2.772588722239781,
    2.772588722239781,
    2.772588722239781,
    2.772588722239781,
    2.772588722239781,
    2.772588722239781,
    2.772588722239781,
    2.772588722239781,
    2.772588722239781,
    2.772588722239781,
    2.772588722239781,
    2.772588722239781,
    2.772588722239781,
    2.772588722239781,
    2.772588722239781,
    2.772588722239781,
    2.772588722239781,
    2.772588722239781,
    2.772588722239781,
    2.772588722239781,
    2.772588722239781,
    2.772588722239781,
    2.772588722239781,
    2.772588722239781,
    2.772588722239781,
    2.772588722239781,
    2.772588722239781,
    2.772588722239781,
    2.772588722239781,
    2.772588722239781,
    2.772588722239781,
    2.772588722239781
  ],
  "coverage": [
    0.06364106386899948,
    0.12728212773799896,
    0.19092319905757904,
    0.2432679682970047,
    0.29437971115112305,
    0.34557098150253296,
    0.3888866901397705,
    0.42798614501953125,
    0.46907442808151245,
    0.5052703022956848,
    0.5380852222442627,
    0.5693886280059814,
    0.6004534363746643,
    0.6256712079048157,
    0.65196293592453,
    0.6763851642608643,
    0.6971480846405029,
    0.7183883190155029,
    0.7376794815063477,
    0.7544648051261902,
    0.7704546451568604,
    0.7867626547813416,
    0.8002465963363647,
    0.8127759695053101,
    0.8253450393676758,
    0.8369595408439636,
    0.8474205732345581,
    0.8587168455123901,
    0.8682630062103271,
    0.8775307536125183,
    0.8860029578208923,
    0.8931625485420227,
    0.8997255563735962,
    0.9069249629974365,
    0.9137265682220459,
    0.9199713468551636,
    0.9259774684906006,
    0.9309892058372498,
    0.9357225298881531,
    0.9396603107452393,
    0.9441947340965271,
    0.9479336738586426,
    0.9517123699188232,
    0.9548944234848022,
    0.95755934715271,
    0.9608607292175293,
    0.9635257124900818,
    0.9658724665641785,
    0.9687761068344116,
    0.9712024331092834,
    0.9733105301856995,
    0.9748618006706238,
    0.9767312407493591,
    0.9779245257377625,
    0.9795553088188171,
    0.9807883501052856,
    0.9820213913917542,
    0.9832942485809326,
    0.9845670461654663,
    0.98587965965271,
    0.9867547154426575,
    0.9878286719322205,
    0.9887832403182983
  ],
  "balance_std": [
    0.0,
    0.0,
    0.0,
    0.21044372022151947,
    0.2727537155151367,
    0.3065354526042938,
    0.36688414216041565,
    0.42125362157821655,
    0.4508291780948639,
    0.49252644181251526,
    0.5343460440635681,
    0.568120002746582,
    0.6021245718002319,
    0.6425339579582214,
    0.6742344498634338,
    0.7018788456916809,
    0.7385843992233276,
    0.7661018967628479,
    0.7925682067871094,
    0.8263067007064819,
    0.854421079158783,
    0.8797153234481812,
    0.9112769365310669,
    0.9362260699272156,
    0.9609355330467224,
    0.9889572858810425,
    1.0151329040527344,
    1.0402350425720215,
    1.068129301071167,
    1.0945724248886108,
    1.1165192127227783,
    1.1433324813842773,
    1.169776439666748,
    1.1935352087020874,
    1.2130568027496338,
    1.2362370491027832,
    1.257804274559021,
    1.2772544622421265,
    1.3016765117645264,
    1.325157642364502,
    1.3425463438034058,
    1.3676271438598633,
    1.3896117210388184,
    1.4091018438339233,
    1.4330625534057617,
    1.4522286653518677,
    1.4696166515350342,
    1.4913216829299927,
    1.5127286911010742,
    1.5322753190994263,
    1.551318645477295,
    1.571345329284668,
    1.5900002717971802,
    1.6065194606781006,
    1.6270272731781006,
    1.6445956230163574,
    1.6606496572494507,
    1.6808059215545654,
    1.6997077465057373,
    1.7140461206436157,
    1.731953501701355,
    1.7507946491241455,
    1.7647138833999634
  ],