{
  "epoch": [
    1,
    1,
    1,
    1,
    1,
    1,
    2,
    2,
    2,
    2,
    2,
    2,
    3,
    3,
    3,
    3,
    3,
    3
  ],
  "step": [
    100,
    200,
    300,
    400,
    500,
    524,
    600,
    700,
    800,
    900,
    1000,
    1048,
    1100,
    1200,
    1300,
    1400,
    1500,
    1572
  ],
  "loss_lm": [
    25.976871490478516,
    16.989242553710938,
    12.825366973876953,
    12.094975471496582,
    8.987907409667969,
    8.757186889648438,
    7.8786702156066895,
    6.791673183441162,
    6.797267913818359,
    7.146334648132324,
    8.096275329589844,
    6.930574417114258,
    6.010753631591797,
    5.91500186920166,
    6.364049911499023
  ],
  "entropy": [
    2.772588722239781,
    2.772588722239781,
    2.772588722239781,
    2.772588722239781,
    2.772588722239781,
    2.772588722239781,
    2.772588722239781,
    2.772588722239781,
    2.772588722239781,
    2.772588722239781,
    2.772588722239781,
    2.772588722239781,
    2.772588722239781,
    2.772588722239781,
    2.772588722239781
  ],
  "coverage": [
    0.06364106386899948,
    0.12728212773799896,
    0.19092319905757904,
    0.2545642554759979,
    0.318205326795578,
    0.36557814478874207,
    0.40778011083602905,
    0.4512946903705597,
    0.49226364493370056,
    0.5348235964775085,
    0.5695477724075317,
    0.598226010799408,
    0.6262280941009521,
    0.6555427312850952,
    0.6837437152862549
  ],
  "balance_std": [
    0.0,
    0.0,
    0.0,
    0.0,
    0.0,
    0.2062145173549652,
    0.28970208764076233,
    0.33427247405052185,
    0.3698747158050537,
    0.3922719955444336,
    0.4346691966056824,
    0.4885388910770416,
    0.5253121256828308,
    0.5527538061141968,
    0.5763659477233887
  ],
  "unique_ratio": [
    1.0,
    1.0,
    1.0,
    1.0,
    1.0,
    0.981875,
    1.0,
    1.0,
    1.0,
    1.0,
    0.98375,
    1.0,
    1.0,
    1.0,
    1.0
  ],
  "easy_ratio": [
    0.706875,
    0.6996875,
    0.7035416666666666,
    0.7025,
    0.701,
    0.7029166666666666,
    0.7022321428571429,
    0.70296875,
    0.7003472222222222,
    0.7000625,
    0.7005113636363637,
    0.7019270833333333,
    0.7014423076923076,
    0.7012053571428571,
    0.7017083333333334
  ],
  "hard_ratio": [
    0.293125,
    0.3003125,
    0.2964583333333333,
    0.2975,
    0.299,
    0.2970833333333333,
    0.29776785714285714,
    0.29703125,
    0.29965277777777777,
    0.2999375,
    0.2994886363636364,
    0.2980729166666667,
    0.2985576923076923,
    0.29879464285714286,
    0.2982916666666667
  ],
  "val_loss": [
    15.06557236049996,
    11.745622266511448,
    10.423236885031717
  ],
  "val_ppl": [
    3490558.676172939,
    126199.87852273993,
    33632.12145731198
  ]
}