{
  "epoch": [
    1,
    1,
    1,
    1,
    2,
    2,
    2,
    2,
    3,
    3,
    3,
    3,
    4,
    4,
    4,
    4,
    5,
    5,
    5,
    5,
    6,
    6,
    6,
    6,
    7,
    7,
    7,
    7,
    7,
    8,
    8,
    8,
    8,
    9,
    9,
    9,
    9,
    10,
    10,
    10,
    10
  ],
  "step": [
    100,
    200,
    300,
    315,
    400,
    500,
    600,
    630,
    700,
    800,
    900,
    945,
    1000,
    1100,
    1200,
    1260,
    1300,
    1400,
    1500,
    1575,
    1600,
    1700,
    1800,
    1890,
    1900,
    2000,
    2100,
    2200,
    2205,
    2300,
    2400,
    2500,
    2520,
    2600,
    2700,
    2800,
    2835,
    2900,
    3000,
    3100,
    3150
  ],
  "loss_lm": [
    22.566028594970703,
    17.584135055541992,
    16.935794830322266,
    13.850393295288086,
    12.51432991027832,
    10.491586685180664,
    10.210659980773926,
    9.142330169677734,
    8.257984161376953,
    9.461057662963867,
    8.786256790161133,
    7.679418563842773,
    8.07563591003418,
    7.187366485595703,
    7.243250370025635,
    7.521907806396484,
    7.135480880737305,
    5.783020973205566,
    5.913971900939941,
    8.134556770324707,
    7.833519458770752,
    7.852999687194824,
    7.667416095733643,
    7.535012245178223,
    7.441568851470947,
    5.820379734039307,
    6.1641926765441895,
    4.840961933135986,
    6.0465593338012695,
    6.02297306060791,
    5.108534812927246
  ],
  "loss_router_reinforce": [
    0.0003253519535064697,
    -0.0001005716621875763,
    -7.589906454086304e-05,
    -0.00021708570420742035,
    0.0007366053760051727,
    -0.001800592988729477,
    -0.02579393982887268,
    -0.021002374589443207,
    -0.021732300519943237,
    0.0008684792555868626,
    -0.0037336722016334534,
    -0.007682980969548225,
    0.008959583938121796,
    -0.004015445709228516,
    0.004082297906279564,
    0.007019560784101486,
    0.0002925097942352295,
    0.002022957429289818,
    -0.08153032511472702,
    -0.014053836464881897,
    -0.06840969622135162,
    -0.050064533948898315,
    -0.007249161601066589,
    0.02181198075413704,
    -0.08497913181781769,
    -0.07679344713687897,
    0.020277515053749084,
    -0.04583621397614479,
    0.03850312530994415,
    0.003154054284095764,
    0.020507192239165306
  ],
  "entropy": [
    4.381891250610352,
    4.38192081451416,
    4.3817267417907715,
    4.381338596343994,
    4.378905773162842,
    4.372756481170654,
    4.1656904220581055,
    4.141719341278076,
    4.101951599121094,
    4.051897048950195,
    3.5578200817108154,
    4.040318489074707,
    4.131018161773682,
    2.6172373294830322,
    4.043278694152832,
    3.3745298385620117,
    2.854475736618042,
    4.241891860961914,
    0.2241515815258026,
    2.091060161590576,
    3.4875334677053615e-05,
    0.013298818841576576,
    0.00046497065341100097,
    1.1672269105911255,
    1.3245001355244312e-05,
    2.416252300463384e-06,
    1.980905835807789e-06,
    1.0066745281219482,
    0.29271697998046875,
    3.0767205450032975e-10,
    1.8410847187042236
  ],
  "avg_improvement": [
    0.21452724933624268,
    0.11453598737716675,
    0.06503802537918091,
    0.10105019807815552,
    0.13075238466262817,
    0.09000590443611145,
    0.09834957122802734,
    0.08455649018287659,
    0.061023205518722534,
    0.06980204582214355,
    0.05092713236808777,
    0.059511035680770874,
    0.052433282136917114,
    0.040030866861343384,
    0.0743333101272583,
    0.05851665139198303,
    0.04905903339385986,
    0.07820364832878113,
    0.08054158091545105,
    0.04320076107978821,
    0.024308979511260986,
    0.04863458871841431,
    0.032600194215774536,
    0.03502741456031799,
    0.03402060270309448,
    0.02622765302658081,
    0.05739375948905945,
    0.06645947694778442,
    0.050362423062324524,
    0.039549678564071655,
    0.02841910719871521
  ],
  "curriculum_bias": [
    0.9681528662420382,
    0.9363057324840764,
    0.9044585987261147,
    0.8726114649681529,
    0.8407643312101911,
    0.8089171974522293,
    0.7770700636942676,
    0.7452229299363058,
    0.713375796178344,
    0.6815286624203822,
    0.6496815286624205,
    0.6178343949044586,
    0.5859872611464968,
    0.554140127388535,
    0.5222929936305732,
    0.49044585987261147,
    0.4585987261146497,
    0.4267515923566879,
    0.39490445859872614,
    0.36305732484076436,
    0.3312101910828026,
    0.2993630573248408,
    0.26751592356687903,
    0.23566878980891715,
    0.20382165605095537,
    0.1719745222929936,
    0.14012738853503182,
    0.10828025477707004,
    0.07643312101910826,
    0.04458598726114649,
    0.01273885350318471
  ],
  "coverage": [
    0.06364106386899948,
    0.12728212773799896,
    0.19092319905757904,
    0.2427111119031906,
    0.29191359877586365,
    0.34378108382225037,
    0.37361282110214233,
    0.4034048020839691,
    0.4318443834781647,
    0.4549540579319,
    0.46780160069465637,
    0.4837118685245514,
    0.500338077545166,
    0.5100035667419434,
    0.5189530849456787,
    0.543494701385498,
    0.5539159178733826,
    0.5690306425094604,
    0.580883800983429,
    0.5864126086235046,
    0.5907083749771118,
    0.5944870710372925,
    0.596794068813324,
    0.5996579527854919,
    0.6024024486541748,
    0.6098405122756958,
    0.628256618976593,
    0.6430134177207947,
    0.6555824875831604,
    0.6666003465652466,
    0.6779761910438538
  ],
  "balance_std": [
    0.0,
    0.0,
    0.0,
    0.21554364264011383,
    0.28629690408706665,
    0.31380999088287354,
    0.42985057830810547,
    0.5025715827941895,
    0.5475544929504395,
    0.6281319260597229,
    0.7358704805374146,
    0.8060576319694519,
    0.8782711625099182,
    0.9888726472854614,
    1.0813145637512207,
    1.112545132637024,
    1.205775260925293,
    1.27085280418396,
    1.3385059833526611,
    1.446446180343628,
    1.547907829284668,
    1.6371990442276,
    1.7554136514663696,
    1.8639205694198608,
    1.9600906372070312,
    2.050812005996704,
    2.0837557315826416,
    2.1261205673217773,
    2.1667778491973877,
    2.2258989810943604,
    2.267449378967285
  ],
  "unique_ratio": [
    1.0,
    1.0,
    1.0,
    0.978125,
    1.0,
    1.0,
    0.94625,
    1.0,
    1.0,
    0.94875,
    1.0,
    1.0,
    0.9525,
    1.0,
    1.0,
    0.9675,
    1.0,
    1.0,
    0.99125,
    1.0,
    1.0,
    1.0,
    0.986875,
    1.0,
    1.0,
    0.969375,
    1.0,
    1.0,
    0.948125,
    1.0,
    1.0
  ],
  "easy_ratio": [
    0.914375,
    0.9221875,
    0.749375,
    0.60046875,
    0.495625,
    0.42833333333333334,
    0.3896428571428571,
    0.383046875,
    0.3751388888888889,
    0.3769375,
    0.36369318181818183,
    0.3619791666666667,
    0.3672596153846154,
    0.3633482142857143,
    0.35733333333333334,
    0.3805859375,
    0.3856985294117647,
    0.39569444444444446,
    0.39608552631578947,
    0.3825,
    0.3647916666666667,
    0.34863636363636363,
    0.33442934782608696,
    0.32203125,
    0.3131,
    0.314375,
    0.3305092592592593,
    0.3429464285714286,
    0.35683189655172415,
    0.36672916666666666,
    0.3783064516129032
  ],
  "hard_ratio": [
    0.085625,
    0.0778125,
    0.250625,
    0.39953125,
    0.504375,
    0.5716666666666667,
    0.6103571428571428,
    0.616953125,
    0.6248611111111111,
    0.6230625,
    0.6363068181818182,
    0.6380208333333334,
    0.6327403846153846,
    0.6366517857142857,
    0.6426666666666667,
    0.6194140625,
    0.6143014705882353,
    0.6043055555555555,
    0.6039144736842105,
    0.6175,
    0.6352083333333334,
    0.6513636363636364,
    0.6655706521739131,
    0.67796875,
    0.6869,
    0.685625,
    0.6694907407407408,
    0.6570535714285715,
    0.6431681034482759,
    0.6332708333333333,
    0.6216935483870968
  ],