{
  "epoch": [
    1,
    1,
    1,
    1,
    1,
    1,
    2,
    2,
    2,
    2,
    2,
    2,
    3,
    3,
    3,
    3,
    3,
    3
  ],
  "step": [
    100,
    200,
    300,
    400,
    500,
    524,
    600,
    700,
    800,
    900,
    1000,
    1048,
    1100,
    1200,
    1300,
    1400,
    1500,
    1572
  ],
  "loss_lm": [
    22.228519439697266,
    14.847015380859375,
    11.536567687988281,
    9.051671981811523,
    14.443509101867676,
    10.361465454101562,
    8.262166976928711,
    9.596933364868164,
    7.502148628234863,
    8.86313533782959,
    9.12368392944336,
    8.797603607177734,
    6.140842914581299,
    8.03490924835205,
    7.267313003540039
  ],
  "loss_router_reinforce": [
    -9.604543447494507e-05,
    -7.34962522983551e-05,
    -0.00010399147868156433,
    -0.0012769028544425964,
    -0.016535190865397453,
    -0.007924837991595268,
    0.004141900688409805,
    0.0012586219236254692,
    -0.012891091406345367,
    -0.0030029257759451866,
    -0.02559349127113819,
    -0.02433660998940468,
    -0.015514806844294071,
    -0.002018328756093979,
    -0.03394809365272522
  ],
  "entropy": [
    3.6333940029144287,
    3.642012596130371,
    3.7630677223205566,
    3.7770004272460938,
    2.4727041721343994,
    2.8557488918304443,
    3.4709911346435547,
    1.7873337268829346,
    3.0041298866271973,
    2.7404019832611084,
    2.0119686126708984,
    2.3901054859161377,
    1.5377085208892822,
    0.01036013662815094,
    0.7432841062545776
  ],
  "avg_improvement": [
    0.297035813331604,
    0.16849607229232788,
    0.054825007915496826,
    0.10039317607879639,
    0.07240146398544312,
    0.08766978979110718,
    0.09700173139572144,
    0.007406562566757202,
    0.07300665974617004,
    0.054748713970184326,
    0.05424797534942627,
    0.06379485130310059,
    0.06139203906059265,
    0.05724990367889404,
    0.042781680822372437
  ],
  "curriculum_bias": [
    0.9362651370299554,
    0.8725302740599108,
    0.8087954110898662,
    0.7450605481198216,
    0.6813256851497769,
    0.6175908221797324,
    0.5538559592096877,
    0.49012109623964306,
    0.42638623326959846,
    0.36265137029955385,
    0.29891650732950925,
    0.23518164435946465,
    0.17144678138942004,
    0.10771191841937544,
    0.04397705544933084
  ],
  "coverage": [
    0.06364106386899948,
    0.12728212773799896,
    0.19092319905757904,
    0.2545642554759979,
    0.318205326795578,
    0.373135507106781,
    0.4250825345516205,
    0.47460323572158813,
    0.5217373967170715,
    0.5714172124862671,
    0.6040332317352295,
    0.615568220615387,
    0.6299669742584229,
    0.6461954712867737,
    0.6599180698394775
  ],
  "balance_std": [
    0.0,
    0.0,
    0.0,
    0.0,
    0.0,
    0.15100495517253876,
    0.2137809842824936,
    0.259729266166687,
    0.2970716059207916,
    0.31750720739364624,
    0.37978774309158325,
    0.4696880578994751,
    0.5228515267372131,
    0.5593635439872742,
    0.5851477980613708
  ],
  "unique_ratio": [
    1.0,
    1.0,
    1.0,
    1.0,
    1.0,
    0.970625,
    1.0,
    1.0,
    1.0,
    1.0,
    0.955,
    1.0,
    1.0,
    1.0,
    1.0
  ],
  "easy_ratio": [
    1.0,
    1.0,
    1.0,
    1.0,
    0.94675,
    0.8251041666666666,
    0.7434821428571429,
    0.691171875,
    0.6654166666666667,
    0.629375,
    0.5861931818181818,
    0.55109375,
    0.5336538461538461,
    0.5253571428571429,
    0.5055833333333334
  ],
  "hard_ratio": [
    0.0,
    0.0,
    0.0,
    0.0,
    0.05325,
    0.17489583333333333,
    0.25651785714285713,
    0.308828125,
    0.33458333333333334,
    0.370625,
    0.4138068181818182,
    0.44890625,
    0.46634615384615385,
    0.47464285714285714,
    0.49441666666666667
  ],
  "val_loss": [
    15.700488766685861,
    10.320500479369867,
    9.268081199927408
  ],
  "val_ppl": [
    6586210.918495484,
    30348.442565437337,
    10594.40382791266
  ]
}