{
  "epoch": [
    1,
    1,
    2,
    2,
    3,
    3,
    3,
    4,
    4,
    5,
    5,
    5,
    6,
    6
  ],
  "step": [
    100,
    148,
    200,
    296,
    300,
    400,
    444,
    500,
    592,
    600,
    700,
    740,
    800,
    888
  ],
  "loss_lm": [
    27.19628143310547,
    20.313228607177734,
    15.83326244354248,
    13.338748931884766,
    11.74441909790039,
    10.610113143920898,
    9.754253387451172,
    9.138258934020996
  ],
  "loss_router_reinforce": [
    -3.6550278663635254,
    -8.029031753540039,
    5.960392475128174,
    -15.467977523803711,
    -0.9193581342697144,
    -30.84893798828125,
    -36.33919906616211,
    -11.58500862121582
  ],
  "entropy": [
    3.9175453186035156,
    1.1864900588989258,
    1.0311267375946045,
    0.42497649788856506,
    1.4647774696350098,
    0.3084864020347595,
    0.9064451456069946,
    1.0228240489959717
  ],
  "temperature": [
    2.0,
    1.75,
    1.5000000000000002,
    1.5000000000000002,
    1.25,
    1.0,
    1.0,
    0.75
  ],
  "lambda_ent": [
    0.05,
    0.0425,
    0.035,
    0.035,
    0.0275,
    0.020000000000000004,
    0.020000000000000004,
    0.012499999999999997
  ],
  "coverage": [
    0.16933009028434753,
    0.27770134806632996,
    0.3324161171913147,
    0.3554873466491699,
    0.37633612751960754,
    0.3960207402706146,
    0.409355491399765,
    0.42142024636268616
  ],
  "balance_std": [
    0.0,
    0.41399505734443665,
    0.5266032218933105,
    0.8005162477493286,
    1.02462637424469,
    1.2234301567077637,
    1.4815304279327393,
    1.7072070837020874
  ],
  "unique_ratio": [
    1.0,
    0.869375,
    0.979375,
    1.0,
    0.870625,
    0.965625,
    1.0,
    0.87
  ],
  "val_loss": [
    21.411074691131468,
    14.619244755291549,
    11.480077786523788,
    9.919623146780202,
    9.069130825703262,
    8.535955442756903
  ],
  "val_ppl": [
    1989351794.3362534,
    2233867.0735385353,
    96768.59477904723,
    20325.329518973307,
    8683.073420655248,
    5094.696841744382
  ]
}