{
  "epoch": [
    1,
    1,
    1,
    1,
    2,
    2,
    2,
    2,
    3,
    3,
    3,
    3,
    4,
    4,
    4,
    4,
    5,
    5,
    5,
    5,
    6,
    6,
    6,
    6,
    7,
    7,
    7,
    7,
    7,
    8,
    8,
    8,
    8,
    9,
    9,
    9,
    9,
    10,
    10,
    10,
    10,
    11,
    11,
    11,
    11,
    12,
    12,
    12,
    12,
    13,
    13,
    13,
    13,
    14,
    14,
    14,
    14,
    14,
    15,
    15,
    15,
    15,
    16,
    16,
    16,
    16,
    17,
    17,
    17,
    17,
    18,
    18,
    18,
    18,
    19,
    19,
    19,
    19,
    20,
    20,
    20,
    20,
    20
  ],
  "step": [
    100,
    200,
    300,
    315,
    400,
    500,
    600,
    630,
    700,
    800,
    900,
    945,
    1000,
    1100,
    1200,
    1260,
    1300,
    1400,
    1500,
    1575,
    1600,
    1700,
    1800,
    1890,
    1900,
    2000,
    2100,
    2200,
    2205,
    2300,
    2400,
    2500,
    2520,
    2600,
    2700,
    2800,
    2835,
    2900,
    3000,
    3100,
    3150,
    3200,
    3300,
    3400,
    3465,
    3500,
    3600,
    3700,
    3780,
    3800,
    3900,
    4000,
    4095,
    4100,
    4200,
    4300,
    4400,
    4410,
    4500,
    4600,
    4700,
    4725,
    4800,
    4900,
    5000,
    5040,
    5100,
    5200,
    5300,
    5355,
    5400,
    5500,
    5600,
    5670,
    5700,
    5800,
    5900,
    5985,
    6000,
    6100,
    6200,
    6300,
    6300
  ],
  "loss_lm": [
    22.501686096191406,
    17.499643325805664,
    16.998422622680664,
    14.411687850952148,
    12.603910446166992,
    11.034422874450684,
    8.935796737670898,
    8.87918758392334,
    8.523193359375,
    9.202556610107422,
    9.276558876037598,
    6.534399032592773,
    7.920131683349609,
    7.375741004943848,
    6.866459846496582,
    7.344522953033447,
    8.18398666381836,
    5.482179164886475,
    5.584075450897217,
    7.149312973022461,
    7.823559761047363,
    7.166027069091797,
    6.855952262878418,
    6.319268226623535,
    5.457340717315674,
    5.992503643035889,
    7.492448806762695,
    5.241578102111816,
    4.785478115081787,
    4.589653968811035,
    5.77371072769165,
    4.5357232093811035,
    6.6834001541137695,
    4.641395568847656,
    4.4101972579956055,
    4.036594390869141,
    4.7160139083862305,
    7.271092414855957,
    4.518830299377441,
    4.086462497711182,
    4.905566215515137,
    4.903881072998047,
    3.8898110389709473,
    4.302606582641602,
    4.13284158706665,
    5.009833335876465,
    4.910994529724121,
    3.4824910163879395,
    3.958941698074341,
    4.2947001457214355,
    5.385014057159424,
    5.013341426849365,
    3.974538564682007,
    3.8002285957336426,
    4.786046981811523,
    3.664982318878174,
    4.402772903442383,
    3.8799333572387695,
    3.2865428924560547,
    3.23655104637146,
    3.3362905979156494,
    3.771728515625,
    4.0933518409729
  ],
  "loss_router_reinforce": [
    -8.91461968421936e-05,
    -0.00033223628997802734,
    8.701160550117493e-05,
    -0.00030178576707839966,
    6.489455699920654e-05,
    -0.0016425997018814087,
    -0.011737238615751266,
    -0.02395029366016388,
    -0.014356721192598343,
    -0.0004926789551973343,
    -0.007636670023202896,
    -0.005784902721643448,
    0.007691960781812668,
    -0.007691303268074989,
    -0.00832376442849636,
    0.0028146300464868546,
    0.014081776142120361,
    -0.00031836237758398056,
    -0.08307982236146927,
    0.0013094134628772736,
    -0.012939514592289925,
    -0.010095305740833282,
    -0.003196113742887974,
    -0.004784581251442432,
    -0.003400021232664585,
    0.0018124645575881004,
    -0.011528104543685913,
    -0.0048714084550738335,
    -0.005326041951775551,
    -0.001159557607024908,
    -0.0015916782431304455,
    0.011116287671029568,
    -0.035369839519262314,
    -0.19897350668907166,
    0.0014265580102801323,
    -0.007351689040660858,
    -0.030507836490869522,
    0.030989594757556915,
    0.0013028294779360294,
    0.007324129343032837,
    -0.060964521020650864,
    -0.003090130165219307,
    -0.041372038424015045,
    0.011405082419514656,
    -0.10803515464067459,
    -0.01483584102243185,
    -0.09114926308393478,
    0.01138724759221077,
    -0.04075390100479126,
    -0.017023619264364243,
    -0.15935558080673218,
    -0.06946602463722229,
    -0.03535795956850052,
    0.03212140500545502,
    -0.08010029792785645,
    -0.018000096082687378,
    -0.052669793367385864,
    -0.04052366688847542,
    -0.014084599912166595,
    -0.019939303398132324,
    -0.04920211434364319,
    0.014351824298501015,
    0.08428636193275452
  ],
  "entropy": [
    4.3819050788879395,
    4.38193941116333,
    4.3817853927612305,
    4.381645202636719,
    4.380796432495117,
    4.376349925994873,
    4.259794235229492,
    4.138006210327148,
    3.984287977218628,
    4.105813980102539,
    2.6170623302459717,
    4.071428298950195,
    4.071695804595947,
    2.7091264724731445,
    4.111920356750488,
    3.9119114875793457,
    2.0247621536254883,
    4.193605422973633,
    0.9367966651916504,
    4.011251926422119,
    0.819143533706665,
    3.1484084129333496,
    3.0337162017822266,
    4.071014404296875,
    3.9942283630371094,
    4.0365447998046875,
    1.0420854091644287,
    3.7113986015319824,
    3.692657470703125,
    3.8147971630096436,
    3.936091184616089,
    3.134817361831665,
    1.094679355621338,
    1.890601453169438e-09,
    3.5725207328796387,
    2.825056791305542,
    0.031003199517726898,
    0.7128186225891113,
    2.107457399368286,
    2.8271484375,
    0.4559914469718933,
    2.4314699172973633,
    1.0057429075241089,
    1.9879685640335083,
    0.00022276857635006309,
    1.5779480934143066,
    0.19636854529380798,
    1.0052801370620728,
    0.00019726493337657303,
    0.06712834537029266,
    0.5028223991394043,
    0.5740627646446228,
    0.3381612300872803,
    1.9946767091751099,
    2.8584276151377708e-05,
    0.49383407831192017,
    0.018316324800252914,
    0.9805861115455627,
    0.042487733066082,
    0.8176015615463257,
    0.788830041885376,
    0.3512560725212097,
    0.07544630765914917
  ],
  "avg_improvement": [
    0.17105162143707275,
    0.14317822456359863,
    0.12422078847885132,
    0.12125515937805176,
    0.08551192283630371,
    0.08295589685440063,
    0.11785227060317993,
    0.07175928354263306,
    0.06672108173370361,
    0.03863734006881714,
    0.05414527654647827,
    0.06493797898292542,
    0.03557226061820984,
    0.050983160734176636,
    0.06388291716575623,
    0.055922120809555054,
    0.05343589186668396,
    0.04524189233779907,
    0.06366711854934692,
    0.04129511117935181,
    0.03545862436294556,
    0.03977516293525696,
    0.0579858124256134,
    0.0308648943901062,
    0.02005334198474884,
    0.04545465111732483,
    0.04604911804199219,
    0.05290469527244568,
    0.05136564373970032,
    0.028822660446166992,
    0.055051833391189575,
    0.02600613236427307,
    0.03234660625457764,
    0.03822106122970581,
    0.035403162240982056,
    0.03428889811038971,
    0.040195584297180176,
    0.03889220952987671,
    0.0273837149143219,
    0.045235127210617065,
    0.041437581181526184,
    0.028255626559257507,
    0.058341383934020996,
    0.02973403036594391,
    0.03187672793865204,
    0.03407794237136841,
    0.04069975018501282,
    0.049671515822410583,
    0.047788605093955994,
    0.034383147954940796,
    0.052042439579963684,
    0.01854446530342102,
    0.031197160482406616,
    0.030911043286323547,
    0.019987642765045166,
    0.03509792685508728,
    0.04061213135719299,
    0.0179787278175354,
    0.044940099120140076,
    0.025894761085510254,
    0.042241618037223816,
    0.044400542974472046,
    0.025477930903434753
  ],