{
  "epoch": [
    1,
    1,
    1,
    1,
    1,
    1,
    2,
    2,
    2,
    2,
    2,
    2,
    2,
    3,
    3,
    3,
    3,
    3,
    3,
    3,
    4,
    4,
    4,
    4,
    4,
    4,
    5,
    5,
    5,
    5,
    5,
    5,
    5,
    6,
    6,
    6,
    6,
    6,
    6,
    6,
    6,
    7,
    7,
    7,
    7,
    7,
    7,
    8,
    8,
    8,
    8,
    8,
    8,
    8,
    9,
    9,
    9,
    9,
    9,
    9,
    9,
    10,
    10,
    10,
    10,
    10,
    10,
    11,
    11,
    11,
    11,
    11,
    11,
    11,
    12,
    12,
    12,
    12,
    12,
    12,
    12,
    12,
    13,
    13,
    13,
    13,
    13,
    13,
    14,
    14,
    14,
    14,
    14,
    14,
    14,
    15,
    15,
    15,
    15,
    15,
    15,
    15
  ],
  "step": [
    50,
    100,
    150,
    200,
    200,
    234,
    250,
    300,
    350,
    400,
    400,
    450,
    468,
    500,
    550,
    600,
    600,
    650,
    700,
    702,
    750,
    800,
    800,
    850,
    900,
    936,
    950,
    1000,
    1000,
    1050,
    1100,
    1150,
    1170,
    1200,
    1200,
    1250,
    1300,
    1350,
    1400,
    1400,
    1404,
    1450,
    1500,
    1550,
    1600,
    1600,
    1638,
    1650,
    1700,
    1750,
    1800,
    1800,
    1850,
    1872,
    1900,
    1950,
    2000,
    2000,
    2050,
    2100,
    2106,
    2150,
    2200,
    2200,
    2250,
    2300,
    2340,
    2350,
    2400,
    2400,
    2450,
    2500,
    2550,
    2574,
    2600,
    2600,
    2650,
    2700,
    2750,
    2800,
    2800,
    2808,
    2850,
    2900,
    2950,
    3000,
    3000,
    3042,
    3050,
    3100,
    3150,
    3200,
    3200,
    3250,
    3276,
    3300,
    3350,
    3400,
    3400,
    3450,
    3500,
    3510
  ],
  "loss_lm": [
    34.22260284423828,
    27.200626373291016,
    23.815933227539062,
    20.617761611938477,
    16.284528732299805,
    14.270824432373047,
    14.283422470092773,
    11.566051483154297,
    10.258204460144043,
    11.084461212158203,
    10.671058654785156,
    9.67263126373291,
    8.657657623291016,
    7.8653459548950195,
    7.922539710998535,
    7.283024311065674,
    8.86870288848877,
    8.47653579711914,
    7.60183048248291,
    7.080287933349609,
    7.774816989898682,
    6.927816390991211,
    5.450664043426514,
    6.496313095092773,
    6.733924865722656,
    5.610597610473633,
    5.548938751220703,
    5.63068151473999,
    5.110144138336182,
    5.148974418640137,
    4.685260772705078,
    4.470027446746826,
    5.170742511749268,
    4.8046417236328125,
    4.828718662261963,
    6.210658073425293,
    4.574836254119873,
    4.851109027862549,
    4.066454887390137,
    3.9172117710113525,
    4.149561882019043,
    4.346994400024414,
    4.018196105957031,
    4.100131034851074,
    4.444085121154785,
    3.5657870769500732,
    3.6290736198425293,
    3.110614776611328,
    3.2653183937072754,
    3.047269344329834,
    3.5778896808624268,
    3.7952489852905273,
    3.4502553939819336,
    3.5580451488494873,
    3.863237142562866,
    3.604515790939331,
    3.411435127258301,
    2.9232137203216553,
    3.332691192626953,
    3.8893275260925293,
    3.543809652328491,
    3.2048304080963135,
    3.3355135917663574,
    2.6900856494903564,
    3.024923324584961,
    3.448026180267334,
    3.0910842418670654,
    3.358518362045288,
    3.483938217163086,
    3.5551979541778564
  ],
  "entropy": [
    2.0794415416798357,
    2.0794415416798357,
    2.0794415416798357,
    2.0794415416798357,
    2.0794415416798357,
    2.0794415416798357,
    2.0794415416798357,
    2.0794415416798357,
    2.0794415416798357,
    2.0794415416798357,
    2.0794415416798357,
    2.0794415416798357,
    2.0794415416798357,
    2.0794415416798357,
    2.0794415416798357,
    2.0794415416798357,
    2.0794415416798357,
    2.0794415416798357,
    2.0794415416798357,
    2.0794415416798357,
    2.0794415416798357,
    2.0794415416798357,
    2.0794415416798357,
    2.0794415416798357,
    2.0794415416798357,
    2.0794415416798357,
    2.0794415416798357,
    2.0794415416798357,
    2.0794415416798357,
    2.0794415416798357,
    2.0794415416798357,
    2.0794415416798357,
    2.0794415416798357,
    2.0794415416798357,
    2.0794415416798357,
    2.0794415416798357,
    2.0794415416798357,
    2.0794415416798357,
    2.0794415416798357,
    2.0794415416798357,
    2.0794415416798357,
    2.0794415416798357,
    2.0794415416798357,
    2.0794415416798357,
    2.0794415416798357,
    2.0794415416798357,
    2.0794415416798357,
    2.0794415416798357,
    2.0794415416798357,
    2.0794415416798357,
    2.0794415416798357,
    2.0794415416798357,
    2.0794415416798357,
    2.0794415416798357,
    2.0794415416798357,
    2.0794415416798357,
    2.0794415416798357,
    2.0794415416798357,
    2.0794415416798357,
    2.0794415416798357,
    2.0794415416798357,
    2.0794415416798357,
    2.0794415416798357,
    2.0794415416798357,
    2.0794415416798357,
    2.0794415416798357,
    2.0794415416798357,
    2.0794415416798357,
    2.0794415416798357,
    2.0794415416798357
  ],
  "avg_difficulty": [
    0.8474999999999999,
    0.825,
    0.7875,
    0.8125,
    0.825,
    0.78375,
    0.76375,
    0.81625,
    0.8074999999999999,
    0.77625,
    0.7949999999999999,
    0.8175,
    0.82125,
    0.7975,
    0.8187499999999999,
    0.8099999999999999,
    0.84,
    0.85125,
    0.82375,
    0.8187500000000001,
    0.8425,
    0.8262500000000002,
    0.82125,
    0.8574999999999999,
    0.8800000000000001,
    0.8875,
    0.82125,
    0.7875,
    0.80125,
    0.8049999999999999,
    0.8099999999999999,
    0.8274999999999999,
    0.8575,
    0.84625,
    0.8075,
    0.84125,
    0.87,
    0.8487499999999999,
    0.8674999999999999,
    0.8562500000000001,
    0.8125000000000001,
    0.8175,
    0.825,
    0.8200000000000001,
    0.855,
    0.8512500000000001,
    0.80125,
    0.8399999999999999,
    0.8775000000000001,
    0.8112499999999999,
    0.8225,
    0.8625,
    0.815,
    0.7925000000000001,
    0.7899999999999999,
    0.81,
    0.83375,
    0.8474999999999999,
    0.84375,
    0.8037500000000001,
    0.8262499999999999,
    0.8450000000000001,
    0.8350000000000001,
    0.8624999999999999,
    0.8549999999999999,
    0.88,
    0.87625,
    0.82,
    0.82875,
    0.8099999999999999
  ],
  "frac_easy": [
    0.3775,
    0.37,
    0.38125,
    0.365,
    0.35,
    0.38625,
    0.38875,
    0.36,
    0.38,
    0.38625,
    0.38375,
    0.38,
    0.36,
    0.3625,
    0.355,
    0.3725,
    0.355,
    0.3375,
    0.36,
    0.375,
    0.35,
    0.35125,
    0.37375,
    0.35875,
    0.3425,
    0.33125,
    0.36,
    0.37875,
    0.36625,
    0.3675,
    0.3675,
    0.36,
    0.33375,
    0.34875,
    0.3875,
    0.37,
    0.34125,
    0.34625,
    0.34375,
    0.34,
    0.355,
    0.36625,
    0.355,
    0.3475,
    0.3525,
    0.37125,
    0.39625,
    0.35625,
    0.31875,
    0.3575,
    0.35875,
    0.345,
    0.38375,
    0.38875,
    0.3775,
    0.36125,
    0.3475,
    0.3475,
    0.3575,
    0.3725,
    0.37125,
    0.3625,
    0.34125,
    0.335,
    0.34875,
    0.33375,
    0.34625,
    0.36,
    0.34875,
    0.36875
  ],