{
  "epoch": [
    1,
    1,
    1,
    1,
    1,
    1,
    2,
    2,
    2,
    2,
    2,
    2,
    2,
    3,
    3,
    3,
    3,
    3,
    3,
    3,
    4,
    4,
    4,
    4,
    4,
    4,
    5,
    5,
    5,
    5,
    5,
    5,
    5,
    6,
    6,
    6,
    6,
    6,
    6,
    6,
    6,
    7,
    7,
    7,
    7,
    7,
    7,
    8,
    8,
    8,
    8,
    8,
    8,
    8,
    9,
    9,
    9,
    9,
    9,
    9,
    9,
    10,
    10,
    10,
    10,
    10,
    10,
    11,
    11,
    11,
    11,
    11,
    11,
    11,
    12,
    12,
    12,
    12,
    12,
    12,
    12,
    12,
    13,
    13,
    13,
    13,
    13,
    13,
    14,
    14,
    14,
    14,
    14,
    14,
    14,
    15,
    15,
    15,
    15,
    15,
    15,
    15
  ],
  "step": [
    50,
    100,
    150,
    200,
    200,
    234,
    250,
    300,
    350,
    400,
    400,
    450,
    468,
    500,
    550,
    600,
    600,
    650,
    700,
    702,
    750,
    800,
    800,
    850,
    900,
    936,
    950,
    1000,
    1000,
    1050,
    1100,
    1150,
    1170,
    1200,
    1200,
    1250,
    1300,
    1350,
    1400,
    1400,
    1404,
    1450,
    1500,
    1550,
    1600,
    1600,
    1638,
    1650,
    1700,
    1750,
    1800,
    1800,
    1850,
    1872,
    1900,
    1950,
    2000,
    2000,
    2050,
    2100,
    2106,
    2150,
    2200,
    2200,
    2250,
    2300,
    2340,
    2350,
    2400,
    2400,
    2450,
    2500,
    2550,
    2574,
    2600,
    2600,
    2650,
    2700,
    2750,
    2800,
    2800,
    2808,
    2850,
    2900,
    2950,
    3000,
    3000,
    3042,
    3050,
    3100,
    3150,
    3200,
    3200,
    3250,
    3276,
    3300,
    3350,
    3400,
    3400,
    3450,
    3500,
    3510
  ],
  "loss_lm": [
    35.93258285522461,
    24.067230224609375,
    21.175983428955078,
    17.552520751953125,
    18.364673614501953,
    14.211466789245605,
    14.430878639221191,
    14.531346321105957,
    11.484861373901367,
    10.932428359985352,
    11.430096626281738,
    11.14096450805664,
    8.169296264648438,
    8.810564994812012,
    7.74763298034668,
    7.975437641143799,
    7.681525230407715,
    7.256483554840088,
    6.974269390106201,
    6.780427932739258,
    8.086246490478516,
    6.816771984100342,
    7.310019493103027,
    5.185638904571533,
    6.126680374145508,
    6.2741312980651855,
    5.816107749938965,
    5.678291320800781,
    5.70375919342041,
    5.897151947021484,
    4.9868340492248535,
    5.21270751953125,
    4.333791732788086,
    4.49628210067749,
    4.341076374053955,
    3.9810476303100586,
    3.371171236038208,
    4.111575126647949,
    4.635330677032471,
    4.866482257843018,
    3.9567697048187256,
    3.72481107711792,
    3.190422296524048,
    3.456867218017578,
    4.085692882537842,
    3.612227201461792,
    2.653334856033325,
    3.338519811630249,
    2.7846171855926514,
    2.5988926887512207,
    2.696110486984253,
    2.2413320541381836,
    2.7582719326019287,
    2.628648519515991,
    2.878976583480835,
    2.760425090789795,
    2.666841983795166,
    1.9112660884857178,
    2.3986523151397705,
    2.527543783187866,
    2.082662582397461,
    1.5291132926940918,
    2.26802659034729,
    2.016054630279541,
    2.2889158725738525,
    2.9159297943115234,
    1.4813474416732788,
    1.701719045639038,
    2.449791431427002,
    1.549320936203003
  ],
  "loss_router": [
    2.5063836574554443,
    2.500410318374634,
    2.681844472885132,
    4.099870204925537,
    2.4324896335601807,
    2.472791910171509,
    2.5074117183685303,
    2.351407766342163,
    2.470858335494995,
    2.4148502349853516,
    2.3743882179260254,
    2.354543924331665,
    2.4071054458618164,
    5.156365871429443,
    2.390894651412964,
    2.2817165851593018,
    2.2942371368408203,
    2.296267032623291,
    2.286393642425537,
    2.3847835063934326,
    2.378729820251465,
    2.537156581878662,
    2.3124847412109375,
    2.4355199337005615,
    2.4733901023864746,
    2.4579124450683594,
    2.3467540740966797,
    2.422646999359131,
    2.3474574089050293,
    2.3940250873565674,
    2.3901073932647705,
    2.414764404296875,
    2.269476890563965,
    2.411606788635254,
    2.2661421298980713,
    2.3396315574645996,
    2.256887435913086,
    2.4156129360198975,
    2.5345563888549805,
    7.132815361022949,
    2.34547758102417,
    2.381626605987549,
    2.253124475479126,
    2.2809460163116455,
    2.6278951168060303,
    2.3413102626800537,
    2.33378005027771,
    2.425149440765381,
    2.261939525604248,
    2.3774425983428955,
    2.4080750942230225,
    2.4824273586273193,
    2.554800033569336,
    2.2968409061431885,
    2.4452476501464844,
    2.4085495471954346,
    2.412839651107788,
    2.238659381866455,
    2.4095520973205566,
    2.3670601844787598,
    2.4059348106384277,
    2.3649749755859375,
    2.3041718006134033,
    2.3070127964019775,
    2.3484504222869873,
    2.4402811527252197,
    2.242412567138672,
    2.3011136054992676,
    2.334071636199951,
    2.3122665882110596
  ],
  "entropy": [
    2.8895134925842285,
    2.162280321121216,
    2.6007394790649414,
    2.7020645141601562,
    2.696625232696533,
    2.1651411056518555,
    2.9449222087860107,
    2.3688321113586426,
    2.6317732334136963,
    2.6513075828552246,
    2.276236057281494,
    2.505722761154175,
    2.395732879638672,
    2.4601926803588867,
    2.1789560317993164,
    2.6006624698638916,
    2.530832529067993,
    2.4137206077575684,
    2.484579086303711,
    2.447544574737549,
    2.401473045349121,
    2.681422710418701,
    2.1901803016662598,
    2.5180702209472656,
    2.600558280944824,
    2.025374174118042,
    2.3649182319641113,
    2.401031970977783,
    2.1488780975341797,
    2.640345335006714,
    2.5662994384765625,
    2.5274546146392822,
    2.567383050918579,
    2.4464526176452637,
    2.442898750305176,
    2.5593724250793457,
    2.564117908477783,
    2.5088841915130615,
    2.456265449523926,
    2.573690176010132,
    2.5446133613586426,
    2.4940431118011475,
    2.399005174636841,
    2.479377269744873,
    1.9398787021636963,
    2.54124116897583,
    2.5467476844787598,
    2.2985422611236572,
    2.4148969650268555,
    2.6268136501312256,
    2.629464626312256,
    2.804532527923584,
    1.885499358177185,
    2.505117893218994,
    2.009666919708252,
    2.4645447731018066,
    2.49351167678833,
    2.3254666328430176,
    2.563844919204712,
    2.092292547225952,
    2.3740813732147217,
    2.6991608142852783,
    2.1255364418029785,
    2.245960235595703,
    2.2008512020111084,
    1.989640474319458,
    2.4724044799804688,
    2.5701346397399902,
    2.1611106395721436,
    2.625288486480713
  ],