{
  "epoch": [
    1,
    1,
    2,
    2,
    2,
    3,
    3,
    3
  ],
  "step": [
    100,
    197,
    200,
    300,
    394,
    400,
    500,
    591
  ],
  "loss_lm": [
    26.92078399658203,
    20.034229278564453,
    15.747800827026367,
    13.309246063232422,
    11.321582794189453
  ],
  "entropy": [
    2.772588722239781,
    2.772588722239781,
    2.772588722239781,
    2.772588722239781,
    2.772588722239781
  ],
  "coverage": [
    0.16933009028434753,
    0.3371785283088684,
    0.4477722644805908,
    0.560905933380127,
    0.6354111433029175
  ],
  "balance_std": [
    0.0,
    0.06615352630615234,
    0.3412114679813385,
    0.4097551107406616,
    0.5369008183479309
  ],
  "unique_ratio": [
    1.0,
    0.993125,
    1.0,
    0.991875,
    1.0
  ],
  "val_loss": [
    18.45999631041386,
    12.177020706114222,
    9.874191495238758
  ],
  "val_ppl": [
    104009865.2119208,
    194273.20219461367,
    19422.57824203205
  ]
}