{
  "epoch": [
    1,
    1,
    2,
    2,
    2,
    3,
    3,
    3
  ],
  "step": [
    100,
    197,
    200,
    300,
    394,
    400,
    500,
    591
  ],
  "loss_lm": [
    25.334793090820312,
    18.60655975341797,
    14.447111129760742,
    12.385557174682617,
    10.687149047851562
  ],
  "entropy": [
    2.772588722239781,
    2.772588722239781,
    2.772588722239781,
    2.772588722239781,
    2.772588722239781
  ],
  "coverage": [
    0.005079902708530426,
    0.005079902708530426,
    0.005079902708530426,
    0.005079902708530426,
    0.005079902708530426
  ],
  "balance_std": [
    5.597618579864502,
    7.215035438537598,
    8.537775993347168,
    9.12171459197998,
    10.535317420959473
  ],
  "unique_ratio": [
    0.03,
    0.03,
    0.03,
    0.03,
    0.03
  ],
  "val_loss": [
    17.860906100663982,
    11.726771464113328,
    9.426062255609231
  ],
  "val_ppl": [
    57133780.41507901,
    123843.19205302354,
    12407.572561103963
  ]
}