{
  "epoch": [
    1,
    1,
    2,
    2,
    2,
    3,
    3,
    3
  ],
  "step": [
    100,
    197,
    200,
    300,
    394,
    400,
    500,
    591
  ],
  "loss_lm": [
    28.418893814086914,
    20.90210723876953,
    16.624605178833008,
    13.852180480957031,
    11.940322875976562
  ],
  "loss_router_reinforce": [
    -0.06624341011047363,
    -0.3344358205795288,
    -0.35585641860961914,
    -0.4458382725715637,
    -0.3370107412338257
  ],
  "entropy": [
    3.8579964637756348,
    3.6603968143463135,
    2.945911407470703,
    2.324711799621582,
    1.9676766395568848
  ],
  "coverage": [
    0.16933009028434753,
    0.3346385955810547,
    0.3794052302837372,
    0.42142024636268616,
    0.4401524066925049
  ],
  "balance_std": [
    0.0,
    0.10898184031248093,
    0.47340595722198486,
    0.5212663412094116,
    0.7796851992607117
  ],
  "unique_ratio": [
    1.0,
    0.98125,
    1.0,
    0.970625,
    1.0
  ],
  "val_loss": [
    18.720886877325714,
    12.066190909166805,
    9.736369112475973
  ],
  "val_ppl": [
    135013708.72059277,
    173892.2109890092,
    16921.98786678697
  ]
}